,Event,Site,Date,Round,White,Black,Result,ECO,EventDate
0,World Championship 1st,USA,1886.01.11,1,"Zukertort, Johannes H","Steinitz, Wilhelm",0-1,D11,1886.01.11
1,World Championship 1st,USA,1886.01.13,2,"Steinitz, Wilhelm","Zukertort, Johannes H",0-1,C47,1886.01.11
2,World Championship 1st,USA,1886.01.15,3,"Zukertort, Johannes H","Steinitz, Wilhelm",1-0,D10,1886.01.11
3,World Championship 1st,USA,1886.01.18,4,"Steinitz, Wilhelm","Zukertort, Johannes H",0-1,C67,1886.01.11
4,World Championship 1st,USA,1886.01.20,5,"Zukertort, Johannes H","Steinitz, Wilhelm",1-0,D10,1886.01.11
5,World Championship 1st,USA,1886.02.03,6,"Steinitz, Wilhelm","Zukertort, Johannes H",1-0,C67,1886.01.11
6,World Championship 1st,USA,1886.02.05,7,"Zukertort, Johannes H","Steinitz, Wilhelm",0-1,D40,1886.01.11
7,World Championship 1st,USA,1886.02.08,8,"Steinitz, Wilhelm","Zukertort, Johannes H",1/2-1/2,C67,1886.01.11
8,World Championship 1st,USA,1886.02.10,9,"Zukertort, Johannes H","Steinitz, Wilhelm",0-1,D26,1886.01.11
9,World Championship 1st,USA,1886.02.26,10,"Steinitz, Wilhelm","Zukertort, Johannes H",1/2-1/2,C67,1886.01.11
10,World Championship 1st,USA,1886.03.01,11,"Zukertort, Johannes H","Steinitz, Wilhelm",0-1,C49,1886.01.11
11,World Championship 1st,USA,1886.03.03,12,"Steinitz, Wilhelm","Zukertort, Johannes H",1-0,C67,1886.01.11
12,World Championship 1st,USA,1886.03.05,13,"Zukertort, Johannes H","Steinitz, Wilhelm",1-0,D26,1886.01.11
13,World Championship 1st,USA,1886.03.12,14,"Steinitz, Wilhelm","Zukertort, Johannes H",1/2-1/2,C67,1886.01.11
14,World Championship 1st,USA,1886.03.15,15,"Zukertort, Johannes H","Steinitz, Wilhelm",1/2-1/2,D50,1886.01.11
15,World Championship 1st,USA,1886.03.17,16,"Steinitz, Wilhelm","Zukertort, Johannes H",1-0,C65,1886.01.11
16,World Championship 1st,USA,1886.03.19,17,"Zukertort, Johannes H","Steinitz, Wilhelm",1/2-1/2,D60,1886.01.11
17,World Championship 1st,USA,1886.03.22,18,"Steinitz, Wilhelm","Zukertort, Johannes H",1-0,C65,1886.01.11
18,World Championship 1st,USA,1886.03.24,19,"Zukertort, Johannes H","Steinitz, Wilhelm",0-1,D53,1886.01.11
19,World Championship 1st,USA,1886.03.29,20,"Steinitz, Wilhelm","Zukertort, Johannes H",1-0,C25,1886.01.11
20,World Championship 2nd,Havana CUB,1889.01.20,1,"Chigorin, Mikhail I","Steinitz, Wilhelm",1-0,C52,1889.01.20
21,World Championship 2nd,Havana CUB,1889.01.22,2,"Steinitz, Wilhelm","Chigorin, Mikhail I",1-0,D02,1889.01.20
22,World Championship 2nd,Havana CUB,1889.01.24,3,"Chigorin, Mikhail I","Steinitz, Wilhelm",1-0,C62,1889.01.20
23,World Championship 2nd,Havana CUB,1889.01.26,4,"Steinitz, Wilhelm","Chigorin, Mikhail I",1-0,D02,1889.01.20
24,World Championship 2nd,Havana CUB,1889.01.27,5,"Chigorin, Mikhail I","Steinitz, Wilhelm",0-1,C52,1889.01.20
25,World Championship 2nd,Havana CUB,1889.01.29,6,"Steinitz, Wilhelm","Chigorin, Mikhail I",0-1,D02,1889.01.20
26,World Championship 2nd,Havana CUB,1889.01.31,7,"Chigorin, Mikhail I","Steinitz, Wilhelm",1-0,C52,1889.01.20
27,World Championship 2nd,Havana CUB,1889.02.04,8,"Steinitz, Wilhelm","Chigorin, Mikhail I",1-0,D46,1889.01.20
28,World Championship 2nd,Havana CUB,1889.02.05,9,"Chigorin, Mikhail I","Steinitz, Wilhelm",0-1,C52,1889.01.20
29,World Championship 2nd,Havana CUB,1889.02.08,10,"Steinitz, Wilhelm","Chigorin, Mikhail I",1-0,D07,1889.01.20
30,World Championship 2nd,Havana CUB,1889.02.10,11,"Chigorin, Mikhail I","Steinitz, Wilhelm",1-0,C52,1889.01.20
31,World Championship 2nd,Havana CUB,1889.02.12,12,"Steinitz, Wilhelm","Chigorin, Mikhail I",1-0,D07,1889.01.20
32,World Championship 2nd,Havana CUB,1889.02.16,13,"Chigorin, Mikhail I","Steinitz, Wilhelm",1-0,C52,1889.01.20
33,World Championship 2nd,Havana CUB,1889.02.19,14,"Steinitz, Wilhelm","Chigorin, Mikhail I",1-0,D07,1889.01.20
34,World Championship 2nd,Havana CUB,1889.02.21,15,"Chigorin, Mikhail I","Steinitz, Wilhelm",0-1,C52,1889.01.20
35,World Championship 2nd,Havana CUB,1889.02.23,16,"Steinitz, Wilhelm","Chigorin, Mikhail I",1-0,A85,1889.01.20
36,World Championship 2nd,Havana CUB,1889.02.24,17,"Chigorin, Mikhail I","Steinitz, Wilhelm",1/2-1/2,C52,1889.01.20
37,World Championship 3rd,"New York, NY USA",1890.12.09,1,"Steinitz, Wilhelm","Gunsberg, Isidor A",1/2-1/2,D35,1890.12.09
38,World Championship 3rd,"New York, NY USA",1890.12.11,2,"Gunsberg, Isidor A","Steinitz, Wilhelm",0-1,C62,1890.12.09
39,World Championship 3rd,"New York, NY USA",1890.12.13,3,"Steinitz, Wilhelm","Gunsberg, Isidor A",1/2-1/2,D31,1890.12.09
40,World Championship 3rd,"New York, NY USA",1890.12.15,4,"Gunsberg, Isidor A","Steinitz, Wilhelm",1-0,C50,1890.12.09
41,World Championship 3rd,"New York, NY USA",1890.12.18,5,"Steinitz, Wilhelm","Gunsberg, Isidor A",0-1,D20,1890.12.09
42,World Championship 3rd,"New York, NY USA",1890.12.20,6,"Gunsberg, Isidor A","Steinitz, Wilhelm",0-1,D05,1890.12.09
43,World Championship 3rd,"New York, NY USA",1890.12.22,7,"Steinitz, Wilhelm","Gunsberg, Isidor A",1-0,E51,1890.12.09
44,World Championship 3rd,"New York, NY USA",1890.12.27,8,"Gunsberg, Isidor A","Steinitz, Wilhelm",1/2-1/2,C54,1890.12.09
45,World Championship 3rd,"New York, NY USA",1890.12.29,9,"Steinitz, Wilhelm","Gunsberg, Isidor A",1/2-1/2,D30,1890.12.09
46,World Championship 3rd,"New York, NY USA",1891.01.02,10,"Gunsberg, Isidor A","Steinitz, Wilhelm",0-1,C54,1890.12.09
47,World Championship 3rd,"New York, NY USA",1891.01.03,11,"Steinitz, Wilhelm","Gunsberg, Isidor A",1/2-1/2,D40,1890.12.09
48,World Championship 3rd,"New York, NY USA",1891.01.05,12,"Gunsberg, Isidor A","Steinitz, Wilhelm",1-0,C52,1890.12.09
49,World Championship 3rd,"New York, NY USA",1891.01.07,13,"Steinitz, Wilhelm","Gunsberg, Isidor A",1-0,D37,1890.12.09
50,World Championship 3rd,"New York, NY USA",1891.01.10,14,"Gunsberg, Isidor A","Steinitz, Wilhelm",1/2-1/2,C52,1890.12.09
51,World Championship 3rd,"New York, NY USA",1891.01.12,15,"Steinitz, Wilhelm","Gunsberg, Isidor A",1/2-1/2,E14,1890.12.09
52,World Championship 3rd,"New York, NY USA",1891.01.15,16,"Gunsberg, Isidor A","Steinitz, Wilhelm",1-0,C52,1890.12.09
53,World Championship 3rd,"New York, NY USA",1891.01.17,17,"Steinitz, Wilhelm","Gunsberg, Isidor A",1/2-1/2,D06,1890.12.09
54,World Championship 3rd,"New York, NY USA",1891.01.21,18,"Gunsberg, Isidor A","Steinitz, Wilhelm",0-1,C52,1890.12.09
55,World Championship 3rd,"New York, NY USA",1891.01.22,19,"Steinitz, Wilhelm","Gunsberg, Isidor A",1/2-1/2,D40,1890.12.09
56,World Championship 4th,Havana CUB,1892.01.01,1,"Chigorin, Mikhail I","Steinitz, Wilhelm",1-0,C52,1892.01.01
57,World Championship 4th,Havana CUB,1892.01.03,2,"Steinitz, Wilhelm","Chigorin, Mikhail I",1/2-1/2,C65,1892.01.01
58,World Championship 4th,Havana CUB,1892.01.05,3,"Chigorin, Mikhail I","Steinitz, Wilhelm",1/2-1/2,C52,1892.01.01
59,World Championship 4th,Havana CUB,1892.01.07,4,"Steinitz, Wilhelm","Chigorin, Mikhail I",1-0,C65,1892.01.01
60,World Championship 4th,Havana CUB,1892.01.10,5,"Chigorin, Mikhail I","Steinitz, Wilhelm",1/2-1/2,C52,1892.01.01
61,World Championship 4th,Havana CUB,1892.01.12,6,"Steinitz, Wilhelm","Chigorin, Mikhail I",1-0,C59,1892.01.01
62,World Championship 4th,Havana CUB,1892.01.14,7,"Chigorin, Mikhail I","Steinitz, Wilhelm",1-0,C52,1892.01.01
63,World Championship 4th,Havana CUB,1892.01.16,8,"Steinitz, Wilhelm","Chigorin, Mikhail I",0-1,C58,1892.01.01
64,World Championship 4th,Havana CUB,1892.01.19,9,"Chigorin, Mikhail I","Steinitz, Wilhelm",1/2-1/2,C52,1892.01.01
65,World Championship 4th,Havana CUB,1892.01.21,10,"Steinitz, Wilhelm","Chigorin, Mikhail I",0-1,C58,1892.01.01
66,World Championship 4th,Havana CUB,1892.01.24,11,"Chigorin, Mikhail I","Steinitz, Wilhelm",0-1,C62,1892.01.01
67,World Championship 4th,Havana CUB,1892.01.26,12,"Steinitz, Wilhelm","Chigorin, Mikhail I",0-1,C59,1892.01.01
68,World Championship 4th,Havana CUB,1892.01.31,13,"Chigorin, Mikhail I","Steinitz, Wilhelm",0-1,C52,1892.01.01
69,World Championship 4th,Havana CUB,1892.02.02,14,"Steinitz, Wilhelm","Chigorin, Mikhail I",1-0,C65,1892.01.01
70,World Championship 4th,Havana CUB,1892.02.04,15,"Chigorin, Mikhail I","Steinitz, Wilhelm",1-0,C52,1892.01.01
71,World Championship 4th,Havana CUB,1892.02.07,16,"Steinitz, Wilhelm","Chigorin, Mikhail I",1-0,C77,1892.01.01
72,World Championship 4th,Havana CUB,1892.02.09,17,"Chigorin, Mikhail I","Steinitz, Wilhelm",1-0,C52,1892.01.01
73,World Championship 4th,Havana CUB,1892.02.14,18,"Steinitz, Wilhelm","Chigorin, Mikhail I",1-0,A85,1892.01.01
74,World Championship 4th,Havana CUB,1892.02.16,19,"Chigorin, Mikhail I","Steinitz, Wilhelm",1-0,C45,1892.01.01
75,World Championship 4th,Havana CUB,1892.02.18,20,"Steinitz, Wilhelm","Chigorin, Mikhail I",1-0,D37,1892.01.01
76,World Championship 4th,Havana CUB,1892.02.23,21,"Chigorin, Mikhail I","Steinitz, Wilhelm",1/2-1/2,C25,1892.01.01
77,World Championship 4th,Havana CUB,1892.02.25,22,"Steinitz, Wilhelm","Chigorin, Mikhail I",1-0,D55,1892.01.01
78,World Championship 4th,Havana CUB,1892.02.28,23,"Chigorin, Mikhail I","Steinitz, Wilhelm",0-1,C34,1892.01.01
79,World Championship 5th,USA/CAN,1894.03.15,1,"Lasker, Emanuel","Steinitz, Wilhelm",1-0,C62,1894.03.15
80,World Championship 5th,USA/CAN,1894.03.19,2,"Steinitz, Wilhelm","Lasker, Emanuel",1-0,C65,1894.03.15
81,World Championship 5th,USA/CAN,1894.03.21,3,"Lasker, Emanuel","Steinitz, Wilhelm",1-0,C62,1894.03.15
82,World Championship 5th,USA/CAN,1894.03.23,4,"Steinitz, Wilhelm","Lasker, Emanuel",1-0,C54,1894.03.15
83,World Championship 5th,USA/CAN,1894.03.27,5,"Lasker, Emanuel","Steinitz, Wilhelm",1/2-1/2,C62,1894.03.15
84,World Championship 5th,USA/CAN,1894.03.29,6,"Steinitz, Wilhelm","Lasker, Emanuel",1/2-1/2,C54,1894.03.15
85,World Championship 5th,USA/CAN,1894.04.03,7,"Lasker, Emanuel","Steinitz, Wilhelm",1-0,C62,1894.03.15
86,World Championship 5th,USA/CAN,1894.04.05,8,"Steinitz, Wilhelm","Lasker, Emanuel",0-1,C10,1894.03.15
87,World Championship 5th,USA/CAN,1894.04.14,9,"Lasker, Emanuel","Steinitz, Wilhelm",1-0,C62,1894.03.15
88,World Championship 5th,USA/CAN,1894.04.19,10,"Steinitz, Wilhelm","Lasker, Emanuel",0-1,D35,1894.03.15
89,World Championship 5th,USA/CAN,1894.04.21,11,"Lasker, Emanuel","Steinitz, Wilhelm",1-0,D40,1894.03.15
90,World Championship 5th,USA/CAN,1894.05.03,12,"Steinitz, Wilhelm","Lasker, Emanuel",1/2-1/2,D60,1894.03.15
91,World Championship 5th,USA/CAN,1894.05.05,13,"Lasker, Emanuel","Steinitz, Wilhelm",0-1,C68,1894.03.15
92,World Championship 5th,USA/CAN,1894.05.08,14,"Steinitz, Wilhelm","Lasker, Emanuel",1-0,D46,1894.03.15
93,World Championship 5th,USA/CAN,1894.05.15,15,"Lasker, Emanuel","Steinitz, Wilhelm",1-0,D40,1894.03.15
94,World Championship 5th,USA/CAN,1894.05.17,16,"Steinitz, Wilhelm","Lasker, Emanuel",0-1,D60,1894.03.15
95,World Championship 5th,USA/CAN,1894.05.19,17,"Lasker, Emanuel","Steinitz, Wilhelm",0-1,C50,1894.03.15
96,World Championship 5th,USA/CAN,1894.05.22,18,"Steinitz, Wilhelm","Lasker, Emanuel",1/2-1/2,D67,1894.03.15
97,World Championship 5th,USA/CAN,1894.05.26,19,"Lasker, Emanuel","Steinitz, Wilhelm",1-0,D40,1894.03.15
98,World Championship 7th,USA,1907.01.26,1,"Marshall, Frank J","Lasker, Emanuel",0-1,C65,1907.01.26
99,World Championship 7th,USA,1907.01.29,2,"Lasker, Emanuel","Marshall, Frank J",1-0,C11,1907.01.26
100,World Championship 7th,USA,1907.01.31,3,"Marshall, Frank J","Lasker, Emanuel",0-1,D53,1907.01.26
101,World Championship 7th,USA,1907.02.02,4,"Lasker, Emanuel","Marshall, Frank J",1/2-1/2,C12,1907.01.26
102,World Championship 7th,USA,1907.02.05,5,"Marshall, Frank J","Lasker, Emanuel",1/2-1/2,D53,1907.01.26
103,World Championship 7th,USA,1907.02.09,6,"Lasker, Emanuel","Marshall, Frank J",1/2-1/2,C12,1907.01.26
104,World Championship 7th,USA,1907.02.16,7,"Marshall, Frank J","Lasker, Emanuel",1/2-1/2,D32,1907.01.26
105,World Championship 7th,USA,1907.02.19,8,"Lasker, Emanuel","Marshall, Frank J",1-0,C12,1907.01.26
106,World Championship 7th,USA,1907.03.02,9,"Marshall, Frank J","Lasker, Emanuel",1/2-1/2,D32,1907.01.26
107,World Championship 7th,USA,1907.03.08,10,"Lasker, Emanuel","Marshall, Frank J",1/2-1/2,C12,1907.01.26
108,World Championship 7th,USA,1907.03.16,11,"Marshall, Frank J","Lasker, Emanuel",1/2-1/2,A83,1907.01.26
109,World Championship 7th,USA,1907.03.19,12,"Lasker, Emanuel","Marshall, Frank J",1-0,C11,1907.01.26
110,World Championship 7th,USA,1907.03.21,13,"Marshall, Frank J","Lasker, Emanuel",0-1,D07,1907.01.26
111,World Championship 7th,USA,1907.03.23,14,"Lasker, Emanuel","Marshall, Frank J",1-0,C11,1907.01.26
112,World Championship 7th,USA,1907.04.06,15,"Marshall, Frank J","Lasker, Emanuel",0-1,D53,1907.01.26
113,World Championship 8th,GER,1908.08.17,1,"Lasker, Emanuel","Tarrasch, Siegbert",1-0,C68,1908.08.17
114,World Championship 8th,GER,1908.08.19,2,"Tarrasch, Siegbert","Lasker, Emanuel",0-1,C66,1908.08.17
115,World Championship 8th,GER,1908.08.22,3,"Lasker, Emanuel","Tarrasch, Siegbert",0-1,C98,1908.08.17
116,World Championship 8th,GER,1908.08.24,4,"Tarrasch, Siegbert","Lasker, Emanuel",0-1,C66,1908.08.17
117,World Championship 8th,GER,1908.09.01,5,"Lasker, Emanuel","Tarrasch, Siegbert",1-0,C98,1908.08.17
118,World Championship 8th,GER,1908.09.02,6,"Tarrasch, Siegbert","Lasker, Emanuel",1/2-1/2,C10,1908.08.17
119,World Championship 8th,GER,1908.09.05,7,"Lasker, Emanuel","Tarrasch, Siegbert",1-0,C15,1908.08.17
120,World Championship 8th,GER,1908.09.09,8,"Tarrasch, Siegbert","Lasker, Emanuel",1/2-1/2,C67,1908.08.17
121,World Championship 8th,GER,1908.09.11,9,"Lasker, Emanuel","Tarrasch, Siegbert",1/2-1/2,C15,1908.08.17
122,World Championship 8th,GER,1908.09.14,10,"Tarrasch, Siegbert","Lasker, Emanuel",1-0,C67,1908.08.17
123,World Championship 8th,GER,1908.09.15,11,"Lasker, Emanuel","Tarrasch, Siegbert",1-0,C12,1908.08.17
124,World Championship 8th,GER,1908.09.16,12,"Tarrasch, Siegbert","Lasker, Emanuel",1-0,C49,1908.08.17
125,World Championship 8th,GER,1908.09.23,13,"Lasker, Emanuel","Tarrasch, Siegbert",1-0,D40,1908.08.17
126,World Championship 8th,GER,1908.09.24,14,"Tarrasch, Siegbert","Lasker, Emanuel",1/2-1/2,C67,1908.08.17
127,World Championship 8th,GER,1908.09.28,15,"Lasker, Emanuel","Tarrasch, Siegbert",1/2-1/2,D02,1908.08.17
128,World Championship 8th,GER,1908.09.30,16,"Tarrasch, Siegbert","Lasker, Emanuel",0-1,C49,1908.08.17
129,World Championship 9th,Paris FRA,1909.10.19,1,"Lasker, Emanuel","Janowski, Dawid M",1/2-1/2,C87,1909.10.19
130,World Championship 9th,Paris FRA,1909.10.21,2,"Janowski, Dawid M","Lasker, Emanuel",0-1,C49,1909.10.19
131,World Championship 9th,Paris FRA,1909.10.22,3,"Lasker, Emanuel","Janowski, Dawid M",1-0,C68,1909.10.19
132,World Championship 9th,Paris FRA,1909.10.25,4,"Janowski, Dawid M","Lasker, Emanuel",0-1,C49,1909.10.19
133,World Championship 9th,Paris FRA,1909.10.27,5,"Lasker, Emanuel","Janowski, Dawid M",1-0,C68,1909.10.19
134,World Championship 9th,Paris FRA,1909.10.30,6,"Janowski, Dawid M","Lasker, Emanuel",1-0,C66,1909.10.19
135,World Championship 9th,Paris FRA,1909.11.02,7,"Lasker, Emanuel","Janowski, Dawid M",1-0,C87,1909.10.19
136,World Championship 9th,Paris FRA,1909.11.05,8,"Janowski, Dawid M","Lasker, Emanuel",1/2-1/2,C66,1909.10.19
137,World Championship 9th,Paris FRA,1909.11.06,9,"Lasker, Emanuel","Janowski, Dawid M",1-0,C87,1909.10.19
138,World Championship 9th,Paris FRA,1909.11.09,10,"Janowski, Dawid M","Lasker, Emanuel",0-1,B34,1909.10.19
139,World Championship 11th,Berlin GER,1910.11.08,1,"Lasker, Emanuel","Janowski, Dawid M",1-0,D32,1910.11.08
140,World Championship 11th,Berlin GER,1910.11.09,2,"Janowski, Dawid M","Lasker, Emanuel",1/2-1/2,D05,1910.11.08
141,World Championship 11th,Berlin GER,1910.11.12,3,"Lasker, Emanuel","Janowski, Dawid M",1/2-1/2,D55,1910.11.08
142,World Championship 11th,Berlin GER,1910.11.17,4,"Janowski, Dawid M","Lasker, Emanuel",0-1,D27,1910.11.08
143,World Championship 11th,Berlin GER,1910.11.19,5,"Lasker, Emanuel","Janowski, Dawid M",1-0,D32,1910.11.08
144,World Championship 11th,Berlin GER,1910.11.20,6,"Janowski, Dawid M","Lasker, Emanuel",1/2-1/2,D40,1910.11.08
145,World Championship 11th,Berlin GER,1910.11.24,7,"Lasker, Emanuel","Janowski, Dawid M",1-0,D32,1910.11.08
146,World Championship 11th,Berlin GER,1910.11.27,8,"Janowski, Dawid M","Lasker, Emanuel",0-1,D40,1910.11.08
147,World Championship 11th,Berlin GER,1910.12.01,9,"Lasker, Emanuel","Janowski, Dawid M",1-0,C79,1910.11.08
148,World Championship 11th,Berlin GER,1910.12.06,10,"Janowski, Dawid M","Lasker, Emanuel",0-1,B07,1910.11.08
149,World Championship 11th,Berlin GER,1910.12.08,11,"Lasker, Emanuel","Janowski, Dawid M",1-0,C30,1910.11.08
150,World Championship 10th,GER/AUT,1910.01.07,1,"Schlechter, Carl","Lasker, Emanuel",1/2-1/2,C66,1910.01.07
151,World Championship 10th,GER/AUT,1910.01.13,2,"Lasker, Emanuel","Schlechter, Carl",1/2-1/2,C80,1910.01.07
152,World Championship 10th,GER/AUT,1910.01.15,3,"Schlechter, Carl","Lasker, Emanuel",1/2-1/2,C66,1910.01.07
153,World Championship 10th,GER/AUT,1910.01.18,4,"Lasker, Emanuel","Schlechter, Carl",1/2-1/2,C80,1910.01.07
154,World Championship 10th,GER/AUT,1910.01.21,5,"Schlechter, Carl","Lasker, Emanuel",1-0,C66,1910.01.07
155,World Championship 10th,GER/AUT,1910.01.29,6,"Lasker, Emanuel","Schlechter, Carl",1/2-1/2,C80,1910.01.07
156,World Championship 10th,GER/AUT,1910.01.30,7,"Schlechter, Carl","Lasker, Emanuel",1/2-1/2,B57,1910.01.07
157,World Championship 10th,GER/AUT,1910.02.02,8,"Lasker, Emanuel","Schlechter, Carl",1/2-1/2,C80,1910.01.07
158,World Championship 10th,GER/AUT,1910.02.05,9,"Schlechter, Carl","Lasker, Emanuel",1/2-1/2,B33,1910.01.07
159,World Championship 10th,GER/AUT,1910.02.08,10,"Lasker, Emanuel","Schlechter, Carl",1-0,D94,1910.01.07
160,World Championship 12th,Havana CUB,1921.03.15,1,"Capablanca, Jose Raul","Lasker, Emanuel",1/2-1/2,D63,1921.03.15
161,World Championship 12th,Havana CUB,1921.03.17,2,"Lasker, Emanuel","Capablanca, Jose Raul",1/2-1/2,D37,1921.03.15
162,World Championship 12th,Havana CUB,1921.03.19,3,"Capablanca, Jose Raul","Lasker, Emanuel",1/2-1/2,C66,1921.03.15
163,World Championship 12th,Havana CUB,1921.03.23,4,"Lasker, Emanuel","Capablanca, Jose Raul",1/2-1/2,D60,1921.03.15
164,World Championship 12th,Havana CUB,1921.03.29,5,"Capablanca, Jose Raul","Lasker, Emanuel",1-0,D63,1921.03.15
165,World Championship 12th,Havana CUB,1921.03.30,6,"Lasker, Emanuel","Capablanca, Jose Raul",1/2-1/2,C66,1921.03.15
166,World Championship 12th,Havana CUB,1921.04.02,7,"Capablanca, Jose Raul","Lasker, Emanuel",1/2-1/2,D61,1921.03.15
167,World Championship 12th,Havana CUB,1921.04.03,8,"Lasker, Emanuel","Capablanca, Jose Raul",1/2-1/2,D12,1921.03.15
168,World Championship 12th,Havana CUB,1921.04.06,9,"Capablanca, Jose Raul","Lasker, Emanuel",1/2-1/2,D34,1921.03.15
169,World Championship 12th,Havana CUB,1921.04.08,10,"Lasker, Emanuel","Capablanca, Jose Raul",0-1,D61,1921.03.15
170,World Championship 12th,Havana CUB,1921.04.13,11,"Capablanca, Jose Raul","Lasker, Emanuel",1-0,D64,1921.03.15
171,World Championship 12th,Havana CUB,1921.04.16,12,"Lasker, Emanuel","Capablanca, Jose Raul",1/2-1/2,C66,1921.03.15
172,World Championship 12th,Havana CUB,1921.04.19,13,"Capablanca, Jose Raul","Lasker, Emanuel",1/2-1/2,D63,1921.03.15
173,World Championship 12th,Havana CUB,1921.04.20,14,"Lasker, Emanuel","Capablanca, Jose Raul",0-1,C66,1921.03.15
174,World Championship 13th,Buenos Aires ARG,1927.09.16,1,"Capablanca, Jose Raul","Alekhine, Alexander A",0-1,C01,1927.09.16
175,World Championship 13th,Buenos Aires ARG,1927.09.20,2,"Alekhine, Alexander A","Capablanca, Jose Raul",1/2-1/2,D65,1927.09.16
176,World Championship 13th,Buenos Aires ARG,1927.09.21,3,"Capablanca, Jose Raul","Alekhine, Alexander A",1-0,A47,1927.09.16
177,World Championship 13th,Buenos Aires ARG,1927.09.23,4,"Alekhine, Alexander A","Capablanca, Jose Raul",1/2-1/2,D64,1927.09.16
178,World Championship 13th,Buenos Aires ARG,1927.09.27,5,"Capablanca, Jose Raul","Alekhine, Alexander A",1/2-1/2,D51,1927.09.16
179,World Championship 13th,Buenos Aires ARG,1927.09.30,6,"Alekhine, Alexander A","Capablanca, Jose Raul",1/2-1/2,D67,1927.09.16
180,World Championship 13th,Buenos Aires ARG,1927.10.01,7,"Capablanca, Jose Raul","Alekhine, Alexander A",1-0,D52,1927.09.16
181,World Championship 13th,Buenos Aires ARG,1927.10.03,8,"Alekhine, Alexander A","Capablanca, Jose Raul",1/2-1/2,D62,1927.09.16
182,World Championship 13th,Buenos Aires ARG,1927.10.05,9,"Capablanca, Jose Raul","Alekhine, Alexander A",1/2-1/2,D51,1927.09.16
183,World Championship 13th,Buenos Aires ARG,1927.10.06,10,"Alekhine, Alexander A","Capablanca, Jose Raul",1/2-1/2,D62,1927.09.16
184,World Championship 13th,Buenos Aires ARG,1927.10.08,11,"Capablanca, Jose Raul","Alekhine, Alexander A",0-1,D52,1927.09.16
185,World Championship 13th,Buenos Aires ARG,1927.10.11,12,"Alekhine, Alexander A","Capablanca, Jose Raul",1-0,D64,1927.09.16
186,World Championship 13th,Buenos Aires ARG,1927.10.15,13,"Capablanca, Jose Raul","Alekhine, Alexander A",1/2-1/2,D63,1927.09.16
187,World Championship 13th,Buenos Aires ARG,1927.10.14,14,"Alekhine, Alexander A","Capablanca, Jose Raul",1/2-1/2,D65,1927.09.16
188,World Championship 13th,Buenos Aires ARG,1927.10.15,15,"Capablanca, Jose Raul","Alekhine, Alexander A",1/2-1/2,D63,1927.09.16
189,World Championship 13th,Buenos Aires ARG,1927.10.17,16,"Alekhine, Alexander A","Capablanca, Jose Raul",1/2-1/2,D67,1927.09.16
190,World Championship 13th,Buenos Aires ARG,1927.10.18,17,"Capablanca, Jose Raul","Alekhine, Alexander A",1/2-1/2,D63,1927.09.16
191,World Championship 13th,Buenos Aires ARG,1927.10.20,18,"Alekhine, Alexander A","Capablanca, Jose Raul",1/2-1/2,D67,1927.09.16
192,World Championship 13th,Buenos Aires ARG,1927.10.22,19,"Capablanca, Jose Raul","Alekhine, Alexander A",1/2-1/2,D63,1927.09.16
193,World Championship 13th,Buenos Aires ARG,1927.10.24,20,"Alekhine, Alexander A","Capablanca, Jose Raul",1/2-1/2,D67,1927.09.16
194,World Championship 13th,Buenos Aires ARG,1927.10.26,21,"Capablanca, Jose Raul","Alekhine, Alexander A",0-1,D63,1927.09.16
195,World Championship 13th,Buenos Aires ARG,1927.10.28,22,"Alekhine, Alexander A","Capablanca, Jose Raul",1/2-1/2,D67,1927.09.16
196,World Championship 13th,Buenos Aires ARG,1927.11.01,23,"Capablanca, Jose Raul","Alekhine, Alexander A",1/2-1/2,D63,1927.09.16
197,World Championship 13th,Buenos Aires ARG,1927.11.03,24,"Alekhine, Alexander A","Capablanca, Jose Raul",1/2-1/2,D67,1927.09.16
198,World Championship 13th,Buenos Aires ARG,1927.11.05,25,"Capablanca, Jose Raul","Alekhine, Alexander A",1/2-1/2,D65,1927.09.16
199,World Championship 13th,Buenos Aires ARG,1927.11.08,26,"Alekhine, Alexander A","Capablanca, Jose Raul",1/2-1/2,D64,1927.09.16
200,World Championship 13th,Buenos Aires ARG,1927.11.09,27,"Capablanca, Jose Raul","Alekhine, Alexander A",1/2-1/2,D65,1927.09.16
201,World Championship 13th,Buenos Aires ARG,1927.11.10,28,"Alekhine, Alexander A","Capablanca, Jose Raul",1/2-1/2,D67,1927.09.16
202,World Championship 13th,Buenos Aires ARG,1927.11.14,29,"Capablanca, Jose Raul","Alekhine, Alexander A",1-0,D52,1927.09.16
203,World Championship 13th,Buenos Aires ARG,1927.11.16,30,"Alekhine, Alexander A","Capablanca, Jose Raul",1/2-1/2,D67,1927.09.16
204,World Championship 13th,Buenos Aires ARG,1927.11.18,31,"Capablanca, Jose Raul","Alekhine, Alexander A",1/2-1/2,D51,1927.09.16
205,World Championship 13th,Buenos Aires ARG,1927.11.22,32,"Alekhine, Alexander A","Capablanca, Jose Raul",1-0,D35,1927.09.16
206,World Championship 13th,Buenos Aires ARG,1927.11.25,33,"Capablanca, Jose Raul","Alekhine, Alexander A",1/2-1/2,D51,1927.09.16
207,World Championship 13th,Buenos Aires ARG,1927.11.26,34,"Alekhine, Alexander A","Capablanca, Jose Raul",1-0,D51,1927.09.16
208,World Championship 14th,GER/NLD,1929.09.06,1,"Alekhine, Alexander A","Bogoljubow, Efim D",1-0,D16,1929.09.06
209,World Championship 14th,GER/NLD,1929.09.07,2,"Bogoljubow, Efim D","Alekhine, Alexander A",1/2-1/2,E23,1929.09.06
210,World Championship 14th,GER/NLD,1929.09.09,3,"Alekhine, Alexander A","Bogoljubow, Efim D",1/2-1/2,D17,1929.09.06
211,World Championship 14th,GER/NLD,1929.09.11,4,"Bogoljubow, Efim D","Alekhine, Alexander A",1-0,E38,1929.09.06
212,World Championship 14th,GER/NLD,1929.09.13,5,"Alekhine, Alexander A","Bogoljubow, Efim D",1-0,D17,1929.09.06
213,World Championship 14th,GER/NLD,1929.09.15,6,"Bogoljubow, Efim D","Alekhine, Alexander A",1-0,E22,1929.09.06
214,World Championship 14th,GER/NLD,1929.09.17,7,"Alekhine, Alexander A","Bogoljubow, Efim D",1-0,D78,1929.09.06
215,World Championship 14th,GER/NLD,1929.09.19,8,"Bogoljubow, Efim D","Alekhine, Alexander A",0-1,A50,1929.09.06
216,World Championship 14th,GER/NLD,1929.10.03,9,"Alekhine, Alexander A","Bogoljubow, Efim D",1/2-1/2,D52,1929.09.06
217,World Championship 14th,GER/NLD,1929.10.05,10,"Bogoljubow, Efim D","Alekhine, Alexander A",0-1,D52,1929.09.06
218,World Championship 14th,GER/NLD,1929.10.07,11,"Alekhine, Alexander A","Bogoljubow, Efim D",1/2-1/2,D51,1929.09.06
219,World Championship 14th,GER/NLD,1929.10.11,12,"Bogoljubow, Efim D","Alekhine, Alexander A",0-1,D52,1929.09.06
220,World Championship 14th,GER/NLD,1929.10.13,13,"Alekhine, Alexander A","Bogoljubow, Efim D",0-1,D52,1929.09.06
221,World Championship 14th,GER/NLD,1929.10.15,14,"Bogoljubow, Efim D","Alekhine, Alexander A",1-0,D30,1929.09.06
222,World Championship 14th,GER/NLD,1929.10.17,15,"Alekhine, Alexander A","Bogoljubow, Efim D",1/2-1/2,E70,1929.09.06
223,World Championship 14th,GER/NLD,1929.10.19,16,"Bogoljubow, Efim D","Alekhine, Alexander A",0-1,D30,1929.09.06
224,World Championship 14th,GER/NLD,1929.10.21,17,"Alekhine, Alexander A","Bogoljubow, Efim D",1-0,D70,1929.09.06
225,World Championship 14th,GER/NLD,1929.10.26,18,"Bogoljubow, Efim D","Alekhine, Alexander A",1-0,C11,1929.09.06
226,World Championship 14th,GER/NLD,1929.10.27,19,"Alekhine, Alexander A","Bogoljubow, Efim D",1-0,D51,1929.09.06
227,World Championship 14th,GER/NLD,1929.10.30,20,"Bogoljubow, Efim D","Alekhine, Alexander A",1/2-1/2,C79,1929.09.06
228,World Championship 14th,GER/NLD,1929.11.01,21,"Alekhine, Alexander A","Bogoljubow, Efim D",1-0,E22,1929.09.06
229,World Championship 14th,GER/NLD,1929.11.03,22,"Bogoljubow, Efim D","Alekhine, Alexander A",0-1,C76,1929.09.06
230,World Championship 14th,GER/NLD,1929.11.05,23,"Alekhine, Alexander A","Bogoljubow, Efim D",1/2-1/2,D46,1929.09.06
231,World Championship 14th,GER/NLD,1929.11.10,24,"Bogoljubow, Efim D","Alekhine, Alexander A",1/2-1/2,C11,1929.09.06
232,World Championship 14th,GER/NLD,1929.11.11,25,"Alekhine, Alexander A","Bogoljubow, Efim D",1/2-1/2,D30,1929.09.06
233,World Championship 15th,GER,1934.04.01,1,"Bogoljubow, Efim D","Alekhine, Alexander A",1/2-1/2,D50,1934.04.01
234,World Championship 15th,GER,1934.04.04,2,"Alekhine, Alexander A","Bogoljubow, Efim D",1-0,D48,1934.04.01
235,World Championship 15th,GER,1934.04.06,3,"Bogoljubow, Efim D","Alekhine, Alexander A",1/2-1/2,D22,1934.04.01
236,World Championship 15th,GER,1934.04.11,4,"Alekhine, Alexander A","Bogoljubow, Efim D",1-0,D31,1934.04.01
237,World Championship 15th,GER,1934.04.13,5,"Bogoljubow, Efim D","Alekhine, Alexander A",1/2-1/2,D26,1934.04.01
238,World Championship 15th,GER,1934.04.18,6,"Alekhine, Alexander A","Bogoljubow, Efim D",1/2-1/2,D30,1934.04.01
239,World Championship 15th,GER,1934.04.20,7,"Bogoljubow, Efim D","Alekhine, Alexander A",1/2-1/2,D28,1934.04.01
240,World Championship 15th,GER,1934.04.22,8,"Alekhine, Alexander A","Bogoljubow, Efim D",1/2-1/2,E24,1934.04.01
241,World Championship 15th,GER,1934.04.25,9,"Bogoljubow, Efim D","Alekhine, Alexander A",0-1,A44,1934.04.01
242,World Championship 15th,GER,1934.04.27,10,"Alekhine, Alexander A","Bogoljubow, Efim D",0-1,D52,1934.04.01
243,World Championship 15th,GER,1934.04.29,11,"Bogoljubow, Efim D","Alekhine, Alexander A",0-1,A91,1934.04.01
244,World Championship 15th,GER,1934.05.02,12,"Alekhine, Alexander A","Bogoljubow, Efim D",1/2-1/2,D49,1934.04.01
245,World Championship 15th,GER,1934.05.06,13,"Bogoljubow, Efim D","Alekhine, Alexander A",1/2-1/2,A47,1934.04.01
246,World Championship 15th,GER,1934.05.08,14,"Alekhine, Alexander A","Bogoljubow, Efim D",1/2-1/2,D60,1934.04.01
247,World Championship 15th,GER,1934.05.11,15,"Bogoljubow, Efim D","Alekhine, Alexander A",1/2-1/2,D21,1934.04.01
248,World Championship 15th,GER,1934.05.13,16,"Alekhine, Alexander A","Bogoljubow, Efim D",1-0,C77,1934.04.01
249,World Championship 15th,GER,1934.05.20,17,"Bogoljubow, Efim D","Alekhine, Alexander A",0-1,D24,1934.04.01
250,World Championship 15th,GER,1934.05.21,18,"Alekhine, Alexander A","Bogoljubow, Efim D",1/2-1/2,D05,1934.04.01
251,World Championship 15th,GER,1934.05.26,19,"Bogoljubow, Efim D","Alekhine, Alexander A",1/2-1/2,D27,1934.04.01
252,World Championship 15th,GER,1934.05.27,20,"Alekhine, Alexander A","Bogoljubow, Efim D",1/2-1/2,D52,1934.04.01
253,World Championship 15th,GER,1934.05.30,21,"Bogoljubow, Efim D","Alekhine, Alexander A",0-1,D30,1934.04.01
254,World Championship 15th,GER,1934.06.01,22,"Alekhine, Alexander A","Bogoljubow, Efim D",1/2-1/2,E35,1934.04.01
255,World Championship 15th,GER,1934.06.03,23,"Bogoljubow, Efim D","Alekhine, Alexander A",1-0,D23,1934.04.01
256,World Championship 15th,GER,1934.06.06,24,"Alekhine, Alexander A","Bogoljubow, Efim D",0-1,D30,1934.04.01
257,World Championship 15th,GER,1934.06.11,25,"Bogoljubow, Efim D","Alekhine, Alexander A",0-1,D11,1934.04.01
258,World Championship 15th,GER,1934.06.14,26,"Alekhine, Alexander A","Bogoljubow, Efim D",1/2-1/2,E67,1934.04.01
259,World Championship 16th,NLD,1935.10.03,1,"Alekhine, Alexander A","Euwe, Max",1-0,D17,1935.10.03
260,World Championship 16th,NLD,1935.10.06,2,"Euwe, Max","Alekhine, Alexander A",1-0,D81,1935.10.03
261,World Championship 16th,NLD,1935.10.08,3,"Alekhine, Alexander A","Euwe, Max",1-0,C15,1935.10.03
262,World Championship 16th,NLD,1935.10.10,4,"Euwe, Max","Alekhine, Alexander A",0-1,D81,1935.10.03
263,World Championship 16th,NLD,1935.10.12,5,"Alekhine, Alexander A","Euwe, Max",1/2-1/2,C15,1935.10.03
264,World Championship 16th,NLD,1935.10.15,6,"Euwe, Max","Alekhine, Alexander A",1/2-1/2,D12,1935.10.03
265,World Championship 16th,NLD,1935.10.17,7,"Alekhine, Alexander A","Euwe, Max",1-0,C15,1935.10.03
266,World Championship 16th,NLD,1935.10.20,8,"Euwe, Max","Alekhine, Alexander A",1-0,D45,1935.10.03
267,World Championship 16th,NLD,1935.10.22,9,"Alekhine, Alexander A","Euwe, Max",1-0,C15,1935.10.03
268,World Championship 16th,NLD,1935.10.24,10,"Euwe, Max","Alekhine, Alexander A",1-0,D45,1935.10.03
269,World Championship 16th,NLD,1935.10.27,11,"Alekhine, Alexander A","Euwe, Max",1/2-1/2,D12,1935.10.03
270,World Championship 16th,NLD,1935.10.29,12,"Euwe, Max","Alekhine, Alexander A",1-0,D97,1935.10.03
271,World Championship 16th,NLD,1935.11.01,13,"Alekhine, Alexander A","Euwe, Max",1/2-1/2,C83,1935.10.03
272,World Championship 16th,NLD,1935.11.02,14,"Euwe, Max","Alekhine, Alexander A",1-0,D82,1935.10.03
273,World Championship 16th,NLD,1935.11.05,15,"Alekhine, Alexander A","Euwe, Max",1/2-1/2,D17,1935.10.03
274,World Championship 16th,NLD,1935.11.07,16,"Euwe, Max","Alekhine, Alexander A",0-1,D12,1935.10.03
275,World Championship 16th,NLD,1935.11.09,17,"Alekhine, Alexander A","Euwe, Max",1/2-1/2,D04,1935.10.03
276,World Championship 16th,NLD,1935.11.12,18,"Euwe, Max","Alekhine, Alexander A",1/2-1/2,A20,1935.10.03
277,World Championship 16th,NLD,1935.11.14,19,"Alekhine, Alexander A","Euwe, Max",1-0,D16,1935.10.03
278,World Championship 16th,NLD,1935.11.16,20,"Euwe, Max","Alekhine, Alexander A",1-0,D17,1935.10.03
279,World Championship 16th,NLD,1935.11.19,21,"Alekhine, Alexander A","Euwe, Max",0-1,D17,1935.10.03
280,World Championship 16th,NLD,1935.11.24,22,"Euwe, Max","Alekhine, Alexander A",1/2-1/2,E33,1935.10.03
281,World Championship 16th,NLD,1935.11.26,23,"Alekhine, Alexander A","Euwe, Max",1/2-1/2,D15,1935.10.03
282,World Championship 16th,NLD,1935.11.28,24,"Euwe, Max","Alekhine, Alexander A",1/2-1/2,A90,1935.10.03
283,World Championship 16th,NLD,1935.12.01,25,"Alekhine, Alexander A","Euwe, Max",0-1,D52,1935.10.03
284,World Championship 16th,NLD,1935.12.03,26,"Euwe, Max","Alekhine, Alexander A",1-0,E18,1935.10.03
285,World Championship 16th,NLD,1935.12.06,27,"Alekhine, Alexander A","Euwe, Max",1-0,C27,1935.10.03
286,World Championship 16th,NLD,1935.12.08,28,"Euwe, Max","Alekhine, Alexander A",1/2-1/2,D66,1935.10.03
287,World Championship 16th,NLD,1935.12.12,29,"Alekhine, Alexander A","Euwe, Max",1/2-1/2,B05,1935.10.03
288,World Championship 16th,NLD,1935.12.15,30,"Euwe, Max","Alekhine, Alexander A",1/2-1/2,D21,1935.10.03
289,World Championship 17th,NLD,1937.10.05,1,"Euwe, Max","Alekhine, Alexander A",1-0,D17,1937.10.05
290,World Championship 17th,NLD,1937.10.07,2,"Alekhine, Alexander A","Euwe, Max",1-0,D17,1937.10.05
291,World Championship 17th,NLD,1937.10.10,3,"Euwe, Max","Alekhine, Alexander A",1/2-1/2,D46,1937.10.05
292,World Championship 17th,NLD,1937.10.12,4,"Alekhine, Alexander A","Euwe, Max",1/2-1/2,D17,1937.10.05
293,World Championship 17th,NLD,1937.10.14,5,"Euwe, Max","Alekhine, Alexander A",1-0,D28,1937.10.05
294,World Championship 17th,NLD,1937.10.16,6,"Alekhine, Alexander A","Euwe, Max",1-0,D10,1937.10.05
295,World Championship 17th,NLD,1937.10.19,7,"Euwe, Max","Alekhine, Alexander A",0-1,D18,1937.10.05
296,World Championship 17th,NLD,1937.10.21,8,"Alekhine, Alexander A","Euwe, Max",1-0,E34,1937.10.05
297,World Championship 17th,NLD,1937.10.24,9,"Euwe, Max","Alekhine, Alexander A",1/2-1/2,D18,1937.10.05
298,World Championship 17th,NLD,1937.10.26,10,"Alekhine, Alexander A","Euwe, Max",1-0,E34,1937.10.05
299,World Championship 17th,NLD,1937.10.30,11,"Euwe, Max","Alekhine, Alexander A",1/2-1/2,D17,1937.10.05
300,World Championship 17th,NLD,1937.11.01,12,"Alekhine, Alexander A","Euwe, Max",1/2-1/2,E34,1937.10.05
301,World Championship 17th,NLD,1937.11.03,13,"Euwe, Max","Alekhine, Alexander A",1-0,D18,1937.10.05
302,World Championship 17th,NLD,1937.11.06,14,"Alekhine, Alexander A","Euwe, Max",1-0,E02,1937.10.05
303,World Championship 17th,NLD,1937.11.09,15,"Euwe, Max","Alekhine, Alexander A",1/2-1/2,D19,1937.10.05
304,World Championship 17th,NLD,1937.11.11,16,"Alekhine, Alexander A","Euwe, Max",1/2-1/2,E02,1937.10.05
305,World Championship 17th,NLD,1937.11.14,17,"Euwe, Max","Alekhine, Alexander A",1-0,D19,1937.10.05
306,World Championship 17th,NLD,1937.11.18,18,"Alekhine, Alexander A","Euwe, Max",1/2-1/2,D41,1937.10.05
307,World Championship 17th,NLD,1937.11.20,19,"Euwe, Max","Alekhine, Alexander A",1/2-1/2,E21,1937.10.05
308,World Championship 17th,NLD,1937.11.23,20,"Alekhine, Alexander A","Euwe, Max",1/2-1/2,E34,1937.10.05
309,World Championship 17th,NLD,1937.11.25,21,"Euwe, Max","Alekhine, Alexander A",0-1,E18,1937.10.05
310,World Championship 17th,NLD,1937.11.27,22,"Alekhine, Alexander A","Euwe, Max",1-0,A09,1937.10.05
311,World Championship 17th,NLD,1937.11.30,23,"Euwe, Max","Alekhine, Alexander A",1/2-1/2,E17,1937.10.05
312,World Championship 17th,NLD,1937.12.02,24,"Alekhine, Alexander A","Euwe, Max",1-0,D41,1937.10.05
313,World Championship 17th,NLD,1937.12.04,25,"Euwe, Max","Alekhine, Alexander A",0-1,E46,1937.10.05
314,World Championship 18th,NLD/URS,1948.03.02,1,"Euwe, Max","Keres, Paul",0-1,C75,1948.03.02
315,World Championship 18th,NLD/URS,1948.03.02,1,"Smyslov, Vassily V","Reshevsky, Samuel H",1/2-1/2,C99,1948.03.02
316,World Championship 18th,NLD/URS,1948.03.04,2,"Botvinnik, Mikhail M","Euwe, Max",1-0,D46,1948.03.02
317,World Championship 18th,NLD/URS,1948.03.04,2,"Keres, Paul","Smyslov, Vassily V",1-0,D94,1948.03.02
318,World Championship 18th,NLD/URS,1948.03.08,3,"Reshevsky, Samuel H","Keres, Paul",1-0,E91,1948.03.02
319,World Championship 18th,NLD/URS,1948.03.08,3,"Smyslov, Vassily V","Botvinnik, Mikhail M",1/2-1/2,D96,1948.03.02
320,World Championship 18th,NLD/URS,1948.03.09,4,"Botvinnik, Mikhail M","Reshevsky, Samuel H",1-0,E51,1948.03.02
321,World Championship 18th,NLD/URS,1948.03.09,4,"Euwe, Max","Smyslov, Vassily V",0-1,C98,1948.03.02
322,World Championship 18th,NLD/URS,1948.03.11,5,"Keres, Paul","Botvinnik, Mikhail M",0-1,A13,1948.03.02
323,World Championship 18th,NLD/URS,1948.03.11,5,"Reshevsky, Samuel H","Euwe, Max",1-0,D46,1948.03.02
324,World Championship 18th,NLD/URS,1948.03.15,6,"Keres, Paul","Euwe, Max",1/2-1/2,C86,1948.03.02
325,World Championship 18th,NLD/URS,1948.03.15,6,"Reshevsky, Samuel H","Smyslov, Vassily V",1/2-1/2,D17,1948.03.02
326,World Championship 18th,NLD/URS,1948.03.16,7,"Euwe, Max","Botvinnik, Mikhail M",1/2-1/2,C08,1948.03.02
327,World Championship 18th,NLD/URS,1948.03.16,7,"Smyslov, Vassily V","Keres, Paul",0-1,E02,1948.03.02
328,World Championship 18th,NLD/URS,1948.03.18,8,"Botvinnik, Mikhail M","Smyslov, Vassily V",1/2-1/2,D98,1948.03.02
329,World Championship 18th,NLD/URS,1948.03.18,8,"Keres, Paul","Reshevsky, Samuel H",1/2-1/2,C71,1948.03.02
330,World Championship 18th,NLD/URS,1948.03.23,9,"Reshevsky, Samuel H","Botvinnik, Mikhail M",1/2-1/2,A91,1948.03.02
331,World Championship 18th,NLD/URS,1948.03.23,9,"Smyslov, Vassily V","Euwe, Max",1-0,C90,1948.03.02
332,World Championship 18th,NLD/URS,1948.03.25,10,"Euwe, Max","Reshevsky, Samuel H",1/2-1/2,C75,1948.03.02
333,World Championship 18th,NLD/URS,1948.04.11,11,"Euwe, Max","Keres, Paul",0-1,C74,1948.03.02
334,World Championship 18th,NLD/URS,1948.04.11,11,"Smyslov, Vassily V","Reshevsky, Samuel H",1-0,C75,1948.03.02
335,World Championship 18th,NLD/URS,1948.04.13,12,"Botvinnik, Mikhail M","Euwe, Max",1-0,D49,1948.03.02
336,World Championship 18th,NLD/URS,1948.04.13,12,"Keres, Paul","Smyslov, Vassily V",1/2-1/2,D99,1948.03.02
337,World Championship 18th,NLD/URS,1948.04.19,13,"Reshevsky, Samuel H","Keres, Paul",0-1,D45,1948.03.02
338,World Championship 18th,NLD/URS,1948.04.18,14,"Botvinnik, Mikhail M","Reshevsky, Samuel H",0-1,E29,1948.03.02
339,World Championship 18th,NLD/URS,1948.04.18,14,"Euwe, Max","Smyslov, Vassily V",1-0,D99,1948.03.02
340,World Championship 18th,NLD/URS,1948.04.20,15,"Keres, Paul","Botvinnik, Mikhail M",0-1,C08,1948.03.02
341,World Championship 18th,NLD/URS,1948.04.20,15,"Reshevsky, Samuel H","Euwe, Max",1/2-1/2,A13,1948.03.02
342,World Championship 18th,NLD/URS,1948.04.22,16,"Keres, Paul","Euwe, Max",1-0,C81,1948.03.02
343,World Championship 18th,NLD/URS,1948.04.22,16,"Reshevsky, Samuel H","Smyslov, Vassily V",1/2-1/2,D19,1948.03.02
344,World Championship 18th,NLD/URS,1948.04.25,17,"Euwe, Max","Botvinnik, Mikhail M",1/2-1/2,C08,1948.03.02
345,World Championship 18th,NLD/URS,1948.04.25,17,"Smyslov, Vassily V","Keres, Paul",1-0,D36,1948.03.02
346,World Championship 18th,NLD/URS,1948.04.27,18,"Botvinnik, Mikhail M","Smyslov, Vassily V",1/2-1/2,D76,1948.03.02
347,World Championship 18th,NLD/URS,1948.04.27,18,"Keres, Paul","Reshevsky, Samuel H",0-1,C81,1948.03.02
348,World Championship 18th,NLD/URS,1948.05.03,19,"Reshevsky, Samuel H","Botvinnik, Mikhail M",0-1,C18,1948.03.02
349,World Championship 18th,NLD/URS,1948.05.03,19,"Smyslov, Vassily V","Euwe, Max",1-0,C81,1948.03.02
350,World Championship 18th,NLD/URS,1948.05.04,20,"Botvinnik, Mikhail M","Keres, Paul",1-0,D06,1948.03.02
351,World Championship 18th,NLD/URS,1948.05.04,20,"Euwe, Max","Reshevsky, Samuel H",0-1,E33,1948.03.02
352,World Championship 18th,NLD/URS,1948.05.06,21,"Euwe, Max","Keres, Paul",0-1,E32,1948.03.02
353,World Championship 18th,NLD/URS,1948.05.06,21,"Smyslov, Vassily V","Reshevsky, Samuel H",1/2-1/2,C81,1948.03.02
354,World Championship 18th,NLD/URS,1948.05.09,22,"Botvinnik, Mikhail M","Euwe, Max",1/2-1/2,D35,1948.03.02
355,World Championship 18th,NLD/URS,1948.05.09,22,"Keres, Paul","Smyslov, Vassily V",1/2-1/2,A16,1948.03.02
356,World Championship 18th,NLD/URS,1948.05.11,23,"Reshevsky, Samuel H","Keres, Paul",1/2-1/2,E32,1948.03.02
357,World Championship 18th,NLD/URS,1948.05.11,23,"Smyslov, Vassily V","Botvinnik, Mikhail M",1/2-1/2,D22,1948.03.02
358,World Championship 18th,NLD/URS,1948.05.13,24,"Botvinnik, Mikhail M","Reshevsky, Samuel H",1-0,C49,1948.03.02
359,World Championship 18th,NLD/URS,1948.05.13,24,"Euwe, Max","Smyslov, Vassily V",0-1,D99,1948.03.02
360,World Championship 18th,NLD/URS,1948.05.16,25,"Keres, Paul","Botvinnik, Mikhail M",1-0,C15,1948.03.02
361,World Championship 18th,NLD/URS,1948.05.16,25,"Reshevsky, Samuel H","Euwe, Max",1-0,D40,1948.03.02
362,World Championship 19th,Moscow RUS,1951.03.16,1,"Botvinnik, Mikhail M","Bronstein, David I",1/2-1/2,A91,1951.03.16
363,World Championship 19th,Moscow RUS,1951.03.18,2,"Bronstein, David I","Botvinnik, Mikhail M",1/2-1/2,D87,1951.03.16
364,World Championship 19th,Moscow RUS,1951.03.20,3,"Botvinnik, Mikhail M","Bronstein, David I",1/2-1/2,C08,1951.03.16
365,World Championship 19th,Moscow RUS,1951.03.23,4,"Bronstein, David I","Botvinnik, Mikhail M",1/2-1/2,D90,1951.03.16
366,World Championship 19th,Moscow RUS,1951.03.25,5,"Botvinnik, Mikhail M","Bronstein, David I",0-1,E43,1951.03.16
367,World Championship 19th,Moscow RUS,1951.03.26,6,"Bronstein, David I","Botvinnik, Mikhail M",0-1,B63,1951.03.16
368,World Championship 19th,Moscow RUS,1951.03.30,7,"Botvinnik, Mikhail M","Bronstein, David I",1-0,A94,1951.03.16
369,World Championship 19th,Moscow RUS,1951.04.01,8,"Bronstein, David I","Botvinnik, Mikhail M",1/2-1/2,D49,1951.03.16
370,World Championship 19th,Moscow RUS,1951.04.03,9,"Botvinnik, Mikhail M","Bronstein, David I",1/2-1/2,A91,1951.03.16
371,World Championship 19th,Moscow RUS,1951.04.06,10,"Bronstein, David I","Botvinnik, Mikhail M",1/2-1/2,A85,1951.03.16
372,World Championship 19th,Moscow RUS,1951.04.08,11,"Botvinnik, Mikhail M","Bronstein, David I",0-1,E17,1951.03.16
373,World Championship 19th,Moscow RUS,1951.04.10,12,"Bronstein, David I","Botvinnik, Mikhail M",0-1,A85,1951.03.16
374,World Championship 19th,Moscow RUS,1951.04.13,13,"Botvinnik, Mikhail M","Bronstein, David I",1/2-1/2,E44,1951.03.16
375,World Championship 19th,Moscow RUS,1951.04.15,14,"Bronstein, David I","Botvinnik, Mikhail M",1/2-1/2,A08,1951.03.16
376,World Championship 19th,Moscow RUS,1951.04.17,15,"Botvinnik, Mikhail M","Bronstein, David I",1/2-1/2,C08,1951.03.16
377,World Championship 19th,Moscow RUS,1951.04.20,16,"Bronstein, David I","Botvinnik, Mikhail M",1/2-1/2,A91,1951.03.16
378,World Championship 19th,Moscow RUS,1951.04.22,17,"Botvinnik, Mikhail M","Bronstein, David I",0-1,E45,1951.03.16
379,World Championship 19th,Moscow RUS,1951.04.24,18,"Bronstein, David I","Botvinnik, Mikhail M",1/2-1/2,D15,1951.03.16
380,World Championship 19th,Moscow RUS,1951.04.27,19,"Botvinnik, Mikhail M","Bronstein, David I",1-0,D74,1951.03.16
381,World Championship 19th,Moscow RUS,1951.04.29,20,"Bronstein, David I","Botvinnik, Mikhail M",1/2-1/2,A14,1951.03.16
382,World Championship 19th,Moscow RUS,1951.05.04,21,"Botvinnik, Mikhail M","Bronstein, David I",0-1,E69,1951.03.16
383,World Championship 19th,Moscow RUS,1951.05.06,22,"Bronstein, David I","Botvinnik, Mikhail M",1-0,A91,1951.03.16
384,World Championship 19th,Moscow RUS,1951.05.08,23,"Botvinnik, Mikhail M","Bronstein, David I",1-0,D71,1951.03.16
385,World Championship 19th,Moscow RUS,1951.05.11,24,"Bronstein, David I","Botvinnik, Mikhail M",1/2-1/2,D44,1951.03.16
386,World Championship 20th,Moscow RUS,1954.03.16,1,"Smyslov, Vassily V","Botvinnik, Mikhail M",0-1,C17,1954.03.16
387,World Championship 20th,Moscow RUS,1954.03.18,2,"Botvinnik, Mikhail M","Smyslov, Vassily V",1-0,E45,1954.03.16
388,World Championship 20th,Moscow RUS,1954.03.20,3,"Smyslov, Vassily V","Botvinnik, Mikhail M",1/2-1/2,C17,1954.03.16
389,World Championship 20th,Moscow RUS,1954.03.23,4,"Botvinnik, Mikhail M","Smyslov, Vassily V",1-0,D22,1954.03.16
390,World Championship 20th,Moscow RUS,1954.03.25,5,"Smyslov, Vassily V","Botvinnik, Mikhail M",1/2-1/2,D44,1954.03.16
391,World Championship 20th,Moscow RUS,1954.03.27,6,"Botvinnik, Mikhail M","Smyslov, Vassily V",1/2-1/2,D86,1954.03.16
392,World Championship 20th,Moscow RUS,1954.03.30,7,"Smyslov, Vassily V","Botvinnik, Mikhail M",1-0,C15,1954.03.16
393,World Championship 20th,Moscow RUS,1954.04.01,8,"Botvinnik, Mikhail M","Smyslov, Vassily V",1/2-1/2,D06,1954.03.16
394,World Championship 20th,Moscow RUS,1954.04.03,9,"Smyslov, Vassily V","Botvinnik, Mikhail M",1-0,C17,1954.03.16
395,World Championship 20th,Moscow RUS,1954.04.06,10,"Botvinnik, Mikhail M","Smyslov, Vassily V",0-1,D22,1954.03.16
396,World Championship 20th,Moscow RUS,1954.04.08,11,"Smyslov, Vassily V","Botvinnik, Mikhail M",1-0,C73,1954.03.16
397,World Championship 20th,Moscow RUS,1954.04.10,12,"Botvinnik, Mikhail M","Smyslov, Vassily V",1-0,D18,1954.03.16
398,World Championship 20th,Moscow RUS,1954.04.13,13,"Smyslov, Vassily V","Botvinnik, Mikhail M",0-1,B24,1954.03.16
399,World Championship 20th,Moscow RUS,1954.04.15,14,"Botvinnik, Mikhail M","Smyslov, Vassily V",0-1,E68,1954.03.16
400,World Championship 20th,Moscow RUS,1954.04.17,15,"Smyslov, Vassily V","Botvinnik, Mikhail M",0-1,B25,1954.03.16
401,World Championship 20th,Moscow RUS,1954.04.20,16,"Botvinnik, Mikhail M","Smyslov, Vassily V",1-0,E61,1954.03.16
402,World Championship 20th,Moscow RUS,1954.04.22,17,"Smyslov, Vassily V","Botvinnik, Mikhail M",1/2-1/2,A04,1954.03.16
403,World Championship 20th,Moscow RUS,1954.04.24,18,"Botvinnik, Mikhail M","Smyslov, Vassily V",1/2-1/2,E61,1954.03.16
404,World Championship 20th,Moscow RUS,1954.04.29,19,"Smyslov, Vassily V","Botvinnik, Mikhail M",1/2-1/2,C15,1954.03.16
405,World Championship 20th,Moscow RUS,1954.05.04,20,"Botvinnik, Mikhail M","Smyslov, Vassily V",0-1,E61,1954.03.16
406,World Championship 20th,Moscow RUS,1954.05.06,21,"Smyslov, Vassily V","Botvinnik, Mikhail M",1/2-1/2,C15,1954.03.16
407,World Championship 20th,Moscow RUS,1954.05.08,22,"Botvinnik, Mikhail M","Smyslov, Vassily V",1/2-1/2,D83,1954.03.16
408,World Championship 20th,Moscow RUS,1954.05.11,23,"Smyslov, Vassily V","Botvinnik, Mikhail M",1-0,A04,1954.03.16
409,World Championship 20th,Moscow RUS,1954.05.13,24,"Botvinnik, Mikhail M","Smyslov, Vassily V",1/2-1/2,E69,1954.03.16
410,World Championship 21th,Moscow RUS,1957.03.05,1,"Botvinnik, Mikhail M","Smyslov, Vassily V",0-1,A36,1957.03.05
411,World Championship 21th,Moscow RUS,1957.03.07,2,"Smyslov, Vassily V","Botvinnik, Mikhail M",1/2-1/2,B66,1957.03.05
412,World Championship 21th,Moscow RUS,1957.03.09,3,"Botvinnik, Mikhail M","Smyslov, Vassily V",1/2-1/2,E66,1957.03.05
413,World Championship 21th,Moscow RUS,1957.03.12,4,"Smyslov, Vassily V","Botvinnik, Mikhail M",0-1,B66,1957.03.05
414,World Championship 21th,Moscow RUS,1957.03.16,5,"Botvinnik, Mikhail M","Smyslov, Vassily V",1-0,E62,1957.03.05
415,World Championship 21th,Moscow RUS,1957.03.19,6,"Smyslov, Vassily V","Botvinnik, Mikhail M",1-0,D98,1957.03.05
416,World Championship 21th,Moscow RUS,1957.03.21,7,"Botvinnik, Mikhail M","Smyslov, Vassily V",1/2-1/2,E45,1957.03.05
417,World Championship 21th,Moscow RUS,1957.03.23,8,"Smyslov, Vassily V","Botvinnik, Mikhail M",1-0,B66,1957.03.05
418,World Championship 21th,Moscow RUS,1957.03.26,9,"Botvinnik, Mikhail M","Smyslov, Vassily V",1/2-1/2,E62,1957.03.05
419,World Championship 21th,Moscow RUS,1957.03.28,10,"Smyslov, Vassily V","Botvinnik, Mikhail M",1/2-1/2,C98,1957.03.05
420,World Championship 21th,Moscow RUS,1957.03.30,11,"Botvinnik, Mikhail M","Smyslov, Vassily V",1/2-1/2,D79,1957.03.05
421,World Championship 21th,Moscow RUS,1957.04.02,12,"Smyslov, Vassily V","Botvinnik, Mikhail M",1-0,A42,1957.03.05
422,World Championship 21th,Moscow RUS,1957.04.04,13,"Botvinnik, Mikhail M","Smyslov, Vassily V",1-0,E45,1957.03.05
423,World Championship 21th,Moscow RUS,1957.04.06,14,"Smyslov, Vassily V","Botvinnik, Mikhail M",1/2-1/2,C18,1957.03.05
424,World Championship 21th,Moscow RUS,1957.04.09,15,"Botvinnik, Mikhail M","Smyslov, Vassily V",1/2-1/2,E45,1957.03.05
425,World Championship 21th,Moscow RUS,1957.04.11,16,"Smyslov, Vassily V","Botvinnik, Mikhail M",1/2-1/2,C98,1957.03.05
426,World Championship 21th,Moscow RUS,1957.04.13,17,"Botvinnik, Mikhail M","Smyslov, Vassily V",0-1,D73,1957.03.05
427,World Championship 21th,Moscow RUS,1957.04.18,18,"Smyslov, Vassily V","Botvinnik, Mikhail M",1/2-1/2,C15,1957.03.05
428,World Championship 21th,Moscow RUS,1957.04.20,19,"Botvinnik, Mikhail M","Smyslov, Vassily V",1/2-1/2,A36,1957.03.05
429,World Championship 21th,Moscow RUS,1957.04.23,20,"Smyslov, Vassily V","Botvinnik, Mikhail M",1-0,C18,1957.03.05
430,World Championship 21th,Moscow RUS,1957.04.25,21,"Botvinnik, Mikhail M","Smyslov, Vassily V",1/2-1/2,D79,1957.03.05
431,World Championship 21th,Moscow RUS,1957.04.27,22,"Smyslov, Vassily V","Botvinnik, Mikhail M",1/2-1/2,C11,1957.03.05
432,World Championship 22th,Moscow RUS,1958.03.04,1,"Smyslov, Vassily V","Botvinnik, Mikhail M",0-1,B11,1958.03.04
433,World Championship 22th,Moscow RUS,1958.03.06,2,"Botvinnik, Mikhail M","Smyslov, Vassily V",1-0,E81,1958.03.04
434,World Championship 22th,Moscow RUS,1958.03.11,3,"Smyslov, Vassily V","Botvinnik, Mikhail M",0-1,B19,1958.03.04
435,World Championship 22th,Moscow RUS,1958.03.13,4,"Botvinnik, Mikhail M","Smyslov, Vassily V",1/2-1/2,D98,1958.03.04
436,World Championship 22th,Moscow RUS,1958.03.18,5,"Smyslov, Vassily V","Botvinnik, Mikhail M",1-0,B72,1958.03.04
437,World Championship 22th,Moscow RUS,1958.03.20,6,"Botvinnik, Mikhail M","Smyslov, Vassily V",1-0,E81,1958.03.04
438,World Championship 22th,Moscow RUS,1958.03.22,7,"Smyslov, Vassily V","Botvinnik, Mikhail M",1/2-1/2,B72,1958.03.04
439,World Championship 22th,Moscow RUS,1958.03.25,8,"Botvinnik, Mikhail M","Smyslov, Vassily V",1/2-1/2,E69,1958.03.04
440,World Championship 22th,Moscow RUS,1958.03.27,9,"Smyslov, Vassily V","Botvinnik, Mikhail M",1/2-1/2,B72,1958.03.04
441,World Championship 22th,Moscow RUS,1958.03.29,10,"Botvinnik, Mikhail M","Smyslov, Vassily V",1/2-1/2,A16,1958.03.04
442,World Championship 22th,Moscow RUS,1958.04.01,11,"Smyslov, Vassily V","Botvinnik, Mikhail M",1-0,D99,1958.03.04
443,World Championship 22th,Moscow RUS,1958.04.03,12,"Botvinnik, Mikhail M","Smyslov, Vassily V",1-0,A12,1958.03.04
444,World Championship 22th,Moscow RUS,1958.04.05,13,"Smyslov, Vassily V","Botvinnik, Mikhail M",1/2-1/2,D47,1958.03.04
445,World Championship 22th,Moscow RUS,1958.04.08,14,"Botvinnik, Mikhail M","Smyslov, Vassily V",1-0,A16,1958.03.04
446,World Championship 22th,Moscow RUS,1958.04.10,15,"Smyslov, Vassily V","Botvinnik, Mikhail M",1-0,B12,1958.03.04
447,World Championship 22th,Moscow RUS,1958.04.15,16,"Botvinnik, Mikhail M","Smyslov, Vassily V",1/2-1/2,A16,1958.03.04
448,World Championship 22th,Moscow RUS,1958.04.17,17,"Smyslov, Vassily V","Botvinnik, Mikhail M",1/2-1/2,B10,1958.03.04
449,World Championship 22th,Moscow RUS,1958.04.19,18,"Botvinnik, Mikhail M","Smyslov, Vassily V",1-0,A16,1958.03.04
450,World Championship 22th,Moscow RUS,1958.04.22,19,"Smyslov, Vassily V","Botvinnik, Mikhail M",1-0,B11,1958.03.04
451,World Championship 22th,Moscow RUS,1958.04.29,20,"Botvinnik, Mikhail M","Smyslov, Vassily V",1/2-1/2,A30,1958.03.04
452,World Championship 22th,Moscow RUS,1958.05.01,21,"Smyslov, Vassily V","Botvinnik, Mikhail M",1/2-1/2,B34,1958.03.04
453,World Championship 22th,Moscow RUS,1958.05.03,22,"Botvinnik, Mikhail M","Smyslov, Vassily V",0-1,A95,1958.03.04
454,World Championship 22th,Moscow RUS,1958.05.08,23,"Smyslov, Vassily V","Botvinnik, Mikhail M",1/2-1/2,A05,1958.03.04
455,World Championship 23th,Moscow RUS,1960.??.??,1,"Tal, Mikhail N","Botvinnik, Mikhail M",1-0,C18,1960.??.??
456,World Championship 23th,Moscow RUS,1960.??.??,2,"Botvinnik, Mikhail M","Tal, Mikhail N",1/2-1/2,A61,1960.??.??
457,World Championship 23th,Moscow RUS,1960.??.??,3,"Tal, Mikhail N","Botvinnik, Mikhail M",1/2-1/2,B11,1960.??.??
458,World Championship 23th,Moscow RUS,1960.??.??,4,"Botvinnik, Mikhail M","Tal, Mikhail N",1/2-1/2,E27,1960.??.??
459,World Championship 23th,Moscow RUS,1960.??.??,5,"Tal, Mikhail N","Botvinnik, Mikhail M",1/2-1/2,B18,1960.??.??
460,World Championship 23th,Moscow RUS,1960.??.??,6,"Botvinnik, Mikhail M","Tal, Mikhail N",0-1,E69,1960.??.??
461,World Championship 23th,Moscow RUS,1960.??.??,7,"Tal, Mikhail N","Botvinnik, Mikhail M",1-0,B18,1960.??.??
462,World Championship 23th,Moscow RUS,1960.??.??,8,"Botvinnik, Mikhail M","Tal, Mikhail N",1-0,A60,1960.??.??
463,World Championship 23th,Moscow RUS,1960.??.??,9,"Tal, Mikhail N","Botvinnik, Mikhail M",0-1,B18,1960.??.??
464,World Championship 23th,Moscow RUS,1960.??.??,10,"Botvinnik, Mikhail M","Tal, Mikhail N",1/2-1/2,E89,1960.??.??
465,World Championship 23th,Moscow RUS,1960.??.??,11,"Tal, Mikhail N","Botvinnik, Mikhail M",1-0,D78,1960.??.??
466,World Championship 23th,Moscow RUS,1960.??.??,12,"Botvinnik, Mikhail M","Tal, Mikhail N",1/2-1/2,D40,1960.??.??
467,World Championship 23th,Moscow RUS,1960.??.??,13,"Tal, Mikhail N","Botvinnik, Mikhail M",1/2-1/2,A30,1960.??.??
468,World Championship 23th,Moscow RUS,1960.??.??,14,"Botvinnik, Mikhail M","Tal, Mikhail N",1/2-1/2,E24,1960.??.??
469,World Championship 23th,Moscow RUS,1960.??.??,15,"Tal, Mikhail N","Botvinnik, Mikhail M",1/2-1/2,B18,1960.??.??
470,World Championship 23th,Moscow RUS,1960.??.??,16,"Botvinnik, Mikhail M","Tal, Mikhail N",1/2-1/2,E24,1960.??.??
471,World Championship 23th,Moscow RUS,1960.??.??,17,"Tal, Mikhail N","Botvinnik, Mikhail M",1-0,B18,1960.??.??
472,World Championship 23th,Moscow RUS,1960.??.??,18,"Botvinnik, Mikhail M","Tal, Mikhail N",1/2-1/2,E24,1960.??.??
473,World Championship 23th,Moscow RUS,1960.??.??,19,"Tal, Mikhail N","Botvinnik, Mikhail M",1-0,A87,1960.??.??
474,World Championship 23th,Moscow RUS,1960.??.??,20,"Botvinnik, Mikhail M","Tal, Mikhail N",1/2-1/2,E24,1960.??.??
475,World Championship 23th,Moscow RUS,1960.??.??,21,"Tal, Mikhail N","Botvinnik, Mikhail M",1/2-1/2,E19,1960.??.??
476,World Championship 24th,Moscow RUS,1961.03.15,1,"Botvinnik, Mikhail M","Tal, Mikhail N",1-0,E51,1961.03.15
477,World Championship 24th,Moscow RUS,1961.03.17,2,"Tal, Mikhail N","Botvinnik, Mikhail M",1-0,B18,1961.03.15
478,World Championship 24th,Moscow RUS,1961.03.20,3,"Botvinnik, Mikhail M","Tal, Mikhail N",1-0,E51,1961.03.15
479,World Championship 24th,Moscow RUS,1961.03.22,4,"Tal, Mikhail N","Botvinnik, Mikhail M",1/2-1/2,B12,1961.03.15
480,World Championship 24th,Moscow RUS,1961.03.24,5,"Botvinnik, Mikhail M","Tal, Mikhail N",1/2-1/2,E51,1961.03.15
481,World Championship 24th,Moscow RUS,1961.03.27,6,"Tal, Mikhail N","Botvinnik, Mikhail M",1/2-1/2,B12,1961.03.15
482,World Championship 24th,Moscow RUS,1961.03.29,7,"Botvinnik, Mikhail M","Tal, Mikhail N",1-0,E24,1961.03.15
483,World Championship 24th,Moscow RUS,1961.03.31,8,"Tal, Mikhail N","Botvinnik, Mikhail M",1-0,B12,1961.03.15
484,World Championship 24th,Moscow RUS,1961.04.07,9,"Botvinnik, Mikhail M","Tal, Mikhail N",1-0,A23,1961.03.15
485,World Championship 24th,Moscow RUS,1961.04.10,10,"Tal, Mikhail N","Botvinnik, Mikhail M",0-1,B12,1961.03.15
486,World Championship 24th,Moscow RUS,1961.04.12,11,"Botvinnik, Mikhail M","Tal, Mikhail N",1-0,D14,1961.03.15
487,World Championship 24th,Moscow RUS,1961.04.14,12,"Tal, Mikhail N","Botvinnik, Mikhail M",1-0,C18,1961.03.15
488,World Championship 24th,Moscow RUS,1961.04.17,13,"Botvinnik, Mikhail M","Tal, Mikhail N",1-0,E85,1961.03.15
489,World Championship 24th,Moscow RUS,1961.04.19,14,"Tal, Mikhail N","Botvinnik, Mikhail M",1/2-1/2,B12,1961.03.15
490,World Championship 24th,Moscow RUS,1961.04.21,15,"Botvinnik, Mikhail M","Tal, Mikhail N",1-0,E81,1961.03.15
491,World Championship 24th,Moscow RUS,1961.04.24,16,"Tal, Mikhail N","Botvinnik, Mikhail M",1/2-1/2,B12,1961.03.15
492,World Championship 24th,Moscow RUS,1961.04.28,17,"Botvinnik, Mikhail M","Tal, Mikhail N",0-1,E81,1961.03.15
493,World Championship 24th,Moscow RUS,1961.05.03,18,"Tal, Mikhail N","Botvinnik, Mikhail M",0-1,B12,1961.03.15
494,World Championship 24th,Moscow RUS,1961.05.05,19,"Botvinnik, Mikhail M","Tal, Mikhail N",0-1,E81,1961.03.15
495,World Championship 24th,Moscow RUS,1961.05.08,20,"Tal, Mikhail N","Botvinnik, Mikhail M",1/2-1/2,B12,1961.03.15
496,World Championship 24th,Moscow RUS,1961.05.12,21,"Botvinnik, Mikhail M","Tal, Mikhail N",1-0,E87,1961.03.15
497,World Championship 25th,Moscow RUS,1963.03.23,1,"Petrosian, Tigran V","Botvinnik, Mikhail M",0-1,E35,1963.03.23
498,World Championship 25th,Moscow RUS,1963.03.25,2,"Botvinnik, Mikhail M","Petrosian, Tigran V",1/2-1/2,D27,1963.03.23
499,World Championship 25th,Moscow RUS,1963.03.27,3,"Petrosian, Tigran V","Botvinnik, Mikhail M",1/2-1/2,E18,1963.03.23
500,World Championship 25th,Moscow RUS,1963.03.30,4,"Botvinnik, Mikhail M","Petrosian, Tigran V",1/2-1/2,A35,1963.03.23
501,World Championship 25th,Moscow RUS,1963.04.01,5,"Petrosian, Tigran V","Botvinnik, Mikhail M",1-0,D94,1963.03.23
502,World Championship 25th,Moscow RUS,1963.04.03,6,"Botvinnik, Mikhail M","Petrosian, Tigran V",1/2-1/2,D27,1963.03.23
503,World Championship 25th,Moscow RUS,1963.04.06,7,"Petrosian, Tigran V","Botvinnik, Mikhail M",1-0,A21,1963.03.23
504,World Championship 25th,Moscow RUS,1963.04.08,8,"Botvinnik, Mikhail M","Petrosian, Tigran V",1/2-1/2,D27,1963.03.23
505,World Championship 25th,Moscow RUS,1963.04.13,9,"Petrosian, Tigran V","Botvinnik, Mikhail M",1/2-1/2,E08,1963.03.23
506,World Championship 25th,Moscow RUS,1963.04.15,10,"Botvinnik, Mikhail M","Petrosian, Tigran V",1/2-1/2,D27,1963.03.23
507,World Championship 25th,Moscow RUS,1963.04.17,11,"Petrosian, Tigran V","Botvinnik, Mikhail M",1/2-1/2,D32,1963.03.23
508,World Championship 25th,Moscow RUS,1963.04.20,12,"Botvinnik, Mikhail M","Petrosian, Tigran V",1/2-1/2,D31,1963.03.23
509,World Championship 25th,Moscow RUS,1963.04.22,13,"Petrosian, Tigran V","Botvinnik, Mikhail M",1/2-1/2,E18,1963.03.23
510,World Championship 25th,Moscow RUS,1963.04.24,14,"Botvinnik, Mikhail M","Petrosian, Tigran V",1-0,D31,1963.03.23
511,World Championship 25th,Moscow RUS,1963.04.29,15,"Petrosian, Tigran V","Botvinnik, Mikhail M",1-0,D97,1963.03.23
512,World Championship 25th,Moscow RUS,1963.05.01,16,"Botvinnik, Mikhail M","Petrosian, Tigran V",1/2-1/2,D27,1963.03.23
513,World Championship 25th,Moscow RUS,1963.05.06,17,"Petrosian, Tigran V","Botvinnik, Mikhail M",1/2-1/2,E14,1963.03.23
514,World Championship 25th,Moscow RUS,1963.05.08,18,"Botvinnik, Mikhail M","Petrosian, Tigran V",0-1,D31,1963.03.23
515,World Championship 25th,Moscow RUS,1963.05.11,19,"Petrosian, Tigran V","Botvinnik, Mikhail M",1-0,E19,1963.03.23
516,World Championship 25th,Moscow RUS,1963.05.15,20,"Botvinnik, Mikhail M","Petrosian, Tigran V",1/2-1/2,D27,1963.03.23
517,World Championship 25th,Moscow RUS,1963.05.18,21,"Petrosian, Tigran V","Botvinnik, Mikhail M",1/2-1/2,A16,1963.03.23
518,World Championship 25th,Moscow RUS,1963.05.20,22,"Botvinnik, Mikhail M","Petrosian, Tigran V",1/2-1/2,D23,1963.03.23
519,World Championship 26th,Moscow RUS,1966.04.11,1,"Spassky, Boris V","Petrosian, Tigran V",1/2-1/2,B19,1966.04.11
520,World Championship 26th,Moscow RUS,1966.04.13,2,"Petrosian, Tigran V","Spassky, Boris V",1/2-1/2,D59,1966.04.11
521,World Championship 26th,Moscow RUS,1966.04.15,3,"Spassky, Boris V","Petrosian, Tigran V",1/2-1/2,D26,1966.04.11
522,World Championship 26th,Moscow RUS,1966.04.18,4,"Petrosian, Tigran V","Spassky, Boris V",1/2-1/2,E08,1966.04.11
523,World Championship 26th,Moscow RUS,1966.04.20,5,"Spassky, Boris V","Petrosian, Tigran V",1/2-1/2,B14,1966.04.11
524,World Championship 26th,Moscow RUS,1966.04.22,6,"Petrosian, Tigran V","Spassky, Boris V",1/2-1/2,D41,1966.04.11
525,World Championship 26th,Moscow RUS,1966.04.25,7,"Spassky, Boris V","Petrosian, Tigran V",0-1,D03,1966.04.11
526,World Championship 26th,Moscow RUS,1966.04.27,8,"Petrosian, Tigran V","Spassky, Boris V",1/2-1/2,A33,1966.04.11
527,World Championship 26th,Moscow RUS,1966.04.29,9,"Spassky, Boris V","Petrosian, Tigran V",1/2-1/2,D42,1966.04.11
528,World Championship 26th,Moscow RUS,1966.05.02,10,"Petrosian, Tigran V","Spassky, Boris V",1-0,E66,1966.04.11
529,World Championship 26th,Moscow RUS,1966.05.04,11,"Spassky, Boris V","Petrosian, Tigran V",1/2-1/2,C10,1966.04.11
530,World Championship 26th,Moscow RUS,1966.05.06,12,"Petrosian, Tigran V","Spassky, Boris V",1/2-1/2,A42,1966.04.11
531,World Championship 26th,Moscow RUS,1966.05.11,13,"Spassky, Boris V","Petrosian, Tigran V",1-0,B19,1966.04.11
532,World Championship 26th,Moscow RUS,1966.05.13,14,"Petrosian, Tigran V","Spassky, Boris V",1/2-1/2,A05,1966.04.11
533,World Championship 26th,Moscow RUS,1966.05.16,15,"Spassky, Boris V","Petrosian, Tigran V",1/2-1/2,B25,1966.04.11
534,World Championship 26th,Moscow RUS,1966.05.18,16,"Petrosian, Tigran V","Spassky, Boris V",1/2-1/2,B06,1966.04.11
535,World Championship 26th,Moscow RUS,1966.05.20,17,"Spassky, Boris V","Petrosian, Tigran V",1/2-1/2,B25,1966.04.11
536,World Championship 26th,Moscow RUS,1966.05.23,18,"Petrosian, Tigran V","Spassky, Boris V",1/2-1/2,E12,1966.04.11
537,World Championship 26th,Moscow RUS,1966.05.27,19,"Spassky, Boris V","Petrosian, Tigran V",1-0,C11,1966.04.11
538,World Championship 26th,Moscow RUS,1966.05.30,20,"Petrosian, Tigran V","Spassky, Boris V",1-0,E59,1966.04.11
539,World Championship 26th,Moscow RUS,1966.06.01,21,"Spassky, Boris V","Petrosian, Tigran V",1/2-1/2,C11,1966.04.11
540,World Championship 26th,Moscow RUS,1966.06.03,22,"Petrosian, Tigran V","Spassky, Boris V",1-0,A40,1966.04.11
541,World Championship 26th,Moscow RUS,1966.06.06,23,"Spassky, Boris V","Petrosian, Tigran V",1-0,C11,1966.04.11
542,World Championship 26th,Moscow RUS,1966.06.08,24,"Petrosian, Tigran V","Spassky, Boris V",1/2-1/2,E61,1966.04.11
543,World Championship 27th,Moscow RUS,1969.04.14,1,"Spassky, Boris V","Petrosian, Tigran V",0-1,B42,1969.04.14
544,World Championship 27th,Moscow RUS,1969.04.16,2,"Petrosian, Tigran V","Spassky, Boris V",1/2-1/2,D34,1969.04.14
545,World Championship 27th,Moscow RUS,1969.04.18,3,"Spassky, Boris V","Petrosian, Tigran V",1/2-1/2,B36,1969.04.14
546,World Championship 27th,Moscow RUS,1969.04.21,4,"Petrosian, Tigran V","Spassky, Boris V",0-1,D34,1969.04.14
547,World Championship 27th,Moscow RUS,1969.04.23,5,"Spassky, Boris V","Petrosian, Tigran V",1-0,D41,1969.04.14
548,World Championship 27th,Moscow RUS,1969.04.25,6,"Petrosian, Tigran V","Spassky, Boris V",1/2-1/2,D56,1969.04.14
549,World Championship 27th,Moscow RUS,1969.04.30,7,"Spassky, Boris V","Petrosian, Tigran V",1/2-1/2,D19,1969.04.14
550,World Championship 27th,Moscow RUS,1969.05.02,8,"Petrosian, Tigran V","Spassky, Boris V",0-1,D37,1969.04.14
551,World Championship 27th,Moscow RUS,1969.05.05,9,"Spassky, Boris V","Petrosian, Tigran V",1/2-1/2,A56,1969.04.14
552,World Championship 27th,Moscow RUS,1969.05.09,10,"Petrosian, Tigran V","Spassky, Boris V",1-0,E48,1969.04.14
553,World Championship 27th,Moscow RUS,1969.05.12,11,"Spassky, Boris V","Petrosian, Tigran V",0-1,E12,1969.04.14
554,World Championship 27th,Moscow RUS,1969.05.14,12,"Petrosian, Tigran V","Spassky, Boris V",1/2-1/2,D34,1969.04.14
555,World Championship 27th,Moscow RUS,1969.05.16,13,"Spassky, Boris V","Petrosian, Tigran V",1/2-1/2,C42,1969.04.14
556,World Championship 27th,Moscow RUS,1969.05.19,14,"Petrosian, Tigran V","Spassky, Boris V",1/2-1/2,D55,1969.04.14
557,World Championship 27th,Moscow RUS,1969.05.21,15,"Spassky, Boris V","Petrosian, Tigran V",1/2-1/2,C42,1969.04.14
558,World Championship 27th,Moscow RUS,1969.05.23,16,"Petrosian, Tigran V","Spassky, Boris V",1/2-1/2,D34,1969.04.14
559,World Championship 27th,Moscow RUS,1969.05.28,17,"Spassky, Boris V","Petrosian, Tigran V",1-0,B42,1969.04.14
560,World Championship 27th,Moscow RUS,1969.06.02,18,"Petrosian, Tigran V","Spassky, Boris V",1/2-1/2,D34,1969.04.14
561,World Championship 27th,Moscow RUS,1969.06.04,19,"Spassky, Boris V","Petrosian, Tigran V",1-0,B94,1969.04.14
562,World Championship 27th,Moscow RUS,1969.06.09,20,"Petrosian, Tigran V","Spassky, Boris V",1-0,D55,1969.04.14
563,World Championship 27th,Moscow RUS,1969.06.11,21,"Spassky, Boris V","Petrosian, Tigran V",1-0,C92,1969.04.14
564,World Championship 27th,Moscow RUS,1969.06.13,22,"Petrosian, Tigran V","Spassky, Boris V",1/2-1/2,D58,1969.04.14
565,World Championship 27th,Moscow RUS,1969.06.16,23,"Spassky, Boris V","Petrosian, Tigran V",1/2-1/2,B48,1969.04.14
566,World Championship 28th,Reykjavik ISL,1972.07.11,1,"Spassky, Boris V","Fischer, Robert J",1-0,E56,1972.07.11
567,World Championship 28th,Reykjavik ISL,1972.07.13,2,"Fischer, Robert J","Spassky, Boris V",0-1,A00,1972.07.11
568,World Championship 28th,Reykjavik ISL,1972.07.16,3,"Spassky, Boris V","Fischer, Robert J",0-1,A77,1972.07.11
569,World Championship 28th,Reykjavik ISL,1972.07.18,4,"Fischer, Robert J","Spassky, Boris V",1/2-1/2,B88,1972.07.11
570,World Championship 28th,Reykjavik ISL,1972.07.20,5,"Spassky, Boris V","Fischer, Robert J",0-1,E41,1972.07.11
571,World Championship 28th,Reykjavik ISL,1972.07.23,6,"Fischer, Robert J","Spassky, Boris V",1-0,D59,1972.07.11
572,World Championship 28th,Reykjavik ISL,1972.07.25,7,"Spassky, Boris V","Fischer, Robert J",1/2-1/2,B97,1972.07.11
573,World Championship 28th,Reykjavik ISL,1972.07.27,8,"Fischer, Robert J","Spassky, Boris V",1-0,A39,1972.07.11
574,World Championship 28th,Reykjavik ISL,1972.08.01,9,"Spassky, Boris V","Fischer, Robert J",1/2-1/2,D41,1972.07.11
575,World Championship 28th,Reykjavik ISL,1972.08.03,10,"Fischer, Robert J","Spassky, Boris V",1-0,C95,1972.07.11
576,World Championship 28th,Reykjavik ISL,1972.08.06,11,"Spassky, Boris V","Fischer, Robert J",1-0,B97,1972.07.11
577,World Championship 28th,Reykjavik ISL,1972.08.08,12,"Fischer, Robert J","Spassky, Boris V",1/2-1/2,D66,1972.07.11
578,World Championship 28th,Reykjavik ISL,1972.08.10,13,"Spassky, Boris V","Fischer, Robert J",0-1,B04,1972.07.11
579,World Championship 28th,Reykjavik ISL,1972.08.15,14,"Fischer, Robert J","Spassky, Boris V",1/2-1/2,D37,1972.07.11
580,World Championship 28th,Reykjavik ISL,1972.08.17,15,"Spassky, Boris V","Fischer, Robert J",1/2-1/2,B99,1972.07.11
581,World Championship 28th,Reykjavik ISL,1972.08.20,16,"Fischer, Robert J","Spassky, Boris V",1/2-1/2,C69,1972.07.11
582,World Championship 28th,Reykjavik ISL,1972.08.22,17,"Spassky, Boris V","Fischer, Robert J",1/2-1/2,B09,1972.07.11
583,World Championship 28th,Reykjavik ISL,1972.08.24,18,"Fischer, Robert J","Spassky, Boris V",1/2-1/2,B69,1972.07.11
584,World Championship 28th,Reykjavik ISL,1972.08.27,19,"Spassky, Boris V","Fischer, Robert J",1/2-1/2,B05,1972.07.11
585,World Championship 28th,Reykjavik ISL,1972.08.29,20,"Fischer, Robert J","Spassky, Boris V",1/2-1/2,B68,1972.07.11
586,World Championship 28th,Reykjavik ISL,1972.08.31,21,"Spassky, Boris V","Fischer, Robert J",0-1,B46,1972.07.11
587,World Championship 29th,Baguio City PHI,1978.07.18,1,"Korchnoi, Viktor L","Karpov, Anatoly",1/2-1/2,D58,1978.07.??
588,World Championship 29th,Baguio City PHI,1978.07.20,2,"Karpov, Anatoly","Korchnoi, Viktor L",1/2-1/2,C82,1978.07.??
589,World Championship 29th,Baguio City PHI,1978.07.22,3,"Korchnoi, Viktor L","Karpov, Anatoly",1/2-1/2,E42,1978.07.??
590,World Championship 29th,Baguio City PHI,1978.07.25,4,"Karpov, Anatoly","Korchnoi, Viktor L",1/2-1/2,C82,1978.07.??
591,World Championship 29th,Baguio City PHI,1978.07.27,5,"Korchnoi, Viktor L","Karpov, Anatoly",1/2-1/2,E42,1978.07.??
592,World Championship 29th,Baguio City PHI,1978.07.29,6,"Karpov, Anatoly","Korchnoi, Viktor L",1/2-1/2,A29,1978.07.??
593,World Championship 29th,Baguio City PHI,1978.08.01,7,"Korchnoi, Viktor L","Karpov, Anatoly",1/2-1/2,E47,1978.07.??
594,World Championship 29th,Baguio City PHI,1978.08.03,8,"Karpov, Anatoly","Korchnoi, Viktor L",1-0,C80,1978.07.??
595,World Championship 29th,Baguio City PHI,1978.08.05,9,"Korchnoi, Viktor L","Karpov, Anatoly",1/2-1/2,D37,1978.07.??
596,World Championship 29th,Baguio City PHI,1978.08.08,10,"Karpov, Anatoly","Korchnoi, Viktor L",1/2-1/2,C80,1978.07.??
597,World Championship 29th,Baguio City PHI,1978.08.10,11,"Korchnoi, Viktor L","Karpov, Anatoly",1-0,B20,1978.07.??
598,World Championship 29th,Baguio City PHI,1978.08.15,12,"Karpov, Anatoly","Korchnoi, Viktor L",1/2-1/2,C81,1978.07.??
599,World Championship 29th,Baguio City PHI,1978.08.17,13,"Korchnoi, Viktor L","Karpov, Anatoly",0-1,D53,1978.07.??
600,World Championship 29th,Baguio City PHI,1978.08.19,14,"Karpov, Anatoly","Korchnoi, Viktor L",1-0,C82,1978.07.??
601,World Championship 29th,Baguio City PHI,1978.08.22,15,"Korchnoi, Viktor L","Karpov, Anatoly",1/2-1/2,E05,1978.07.??
602,World Championship 29th,Baguio City PHI,1978.08.24,16,"Karpov, Anatoly","Korchnoi, Viktor L",1/2-1/2,C08,1978.07.??
603,World Championship 29th,Baguio City PHI,1978.08.26,17,"Korchnoi, Viktor L","Karpov, Anatoly",0-1,E47,1978.07.??
604,World Championship 29th,Baguio City PHI,1978.09.02,18,"Karpov, Anatoly","Korchnoi, Viktor L",1/2-1/2,B08,1978.07.??
605,World Championship 29th,Baguio City PHI,1978.09.07,19,"Korchnoi, Viktor L","Karpov, Anatoly",1/2-1/2,E06,1978.07.??
606,World Championship 29th,Baguio City PHI,1978.09.09,20,"Karpov, Anatoly","Korchnoi, Viktor L",1/2-1/2,B15,1978.07.??
607,World Championship 29th,Baguio City PHI,1978.09.12,21,"Korchnoi, Viktor L","Karpov, Anatoly",1-0,D37,1978.07.??
608,World Championship 29th,Baguio City PHI,1978.09.14,22,"Karpov, Anatoly","Korchnoi, Viktor L",1/2-1/2,C08,1978.07.??
609,World Championship 29th,Baguio City PHI,1978.09.16,23,"Korchnoi, Viktor L","Karpov, Anatoly",1/2-1/2,D37,1978.07.??
610,World Championship 29th,Baguio City PHI,1978.09.19,24,"Karpov, Anatoly","Korchnoi, Viktor L",1/2-1/2,C83,1978.07.??
611,World Championship 29th,Baguio City PHI,1978.09.23,25,"Korchnoi, Viktor L","Karpov, Anatoly",1/2-1/2,A22,1978.07.??
612,World Championship 29th,Baguio City PHI,1978.09.26,26,"Karpov, Anatoly","Korchnoi, Viktor L",1/2-1/2,A21,1978.07.??
613,World Championship 29th,Baguio City PHI,1978.09.28,27,"Korchnoi, Viktor L","Karpov, Anatoly",0-1,A29,1978.07.??
614,World Championship 29th,Baguio City PHI,1978.09.30,28,"Karpov, Anatoly","Korchnoi, Viktor L",0-1,C82,1978.07.??
615,World Championship 29th,Baguio City PHI,1978.10.07,29,"Korchnoi, Viktor L","Karpov, Anatoly",1-0,A19,1978.07.??
616,World Championship 29th,Baguio City PHI,1978.10.10,30,"Karpov, Anatoly","Korchnoi, Viktor L",1/2-1/2,A34,1978.07.??
617,World Championship 29th,Baguio City PHI,1978.10.12,31,"Korchnoi, Viktor L","Karpov, Anatoly",1-0,D36,1978.07.??
618,World Championship 29th,Baguio City PHI,1978.10.17,32,"Karpov, Anatoly","Korchnoi, Viktor L",1-0,A43,1978.07.??
619,World Championship 30th,Meran ITA,1981.10.01,1,"Korchnoi, Viktor L","Karpov, Anatoly",0-1,D58,1981.10.??
620,World Championship 30th,Meran ITA,1981.10.03,2,"Karpov, Anatoly","Korchnoi, Viktor L",1-0,C67,1981.10.??
621,World Championship 30th,Meran ITA,1981.10.05,3,"Korchnoi, Viktor L","Karpov, Anatoly",1/2-1/2,D58,1981.10.??
622,World Championship 30th,Meran ITA,1981.10.08,4,"Karpov, Anatoly","Korchnoi, Viktor L",1-0,C42,1981.10.??
623,World Championship 30th,Meran ITA,1981.10.12,5,"Korchnoi, Viktor L","Karpov, Anatoly",1/2-1/2,D53,1981.10.??
624,World Championship 30th,Meran ITA,1981.10.15,6,"Karpov, Anatoly","Korchnoi, Viktor L",0-1,C82,1981.10.??
625,World Championship 30th,Meran ITA,1981.10.17,7,"Korchnoi, Viktor L","Karpov, Anatoly",1-0,D53,1981.10.??
626,World Championship 30th,Meran ITA,1981.10.22,8,"Karpov, Anatoly","Korchnoi, Viktor L",1/2-1/2,C54,1981.10.??
627,World Championship 30th,Meran ITA,1981.10.24,9,"Korchnoi, Viktor L","Karpov, Anatoly",0-1,D53,1981.10.??
628,World Championship 30th,Meran ITA,1981.10.29,10,"Karpov, Anatoly","Korchnoi, Viktor L",1/2-1/2,C54,1981.10.??
629,World Championship 30th,Meran ITA,1981.10.31,11,"Korchnoi, Viktor L","Karpov, Anatoly",1/2-1/2,D37,1981.10.??
630,World Championship 30th,Meran ITA,1981.11.02,12,"Karpov, Anatoly","Korchnoi, Viktor L",1/2-1/2,A16,1981.10.??
631,World Championship 30th,Meran ITA,1981.11.05,13,"Korchnoi, Viktor L","Karpov, Anatoly",1-0,D31,1981.10.??
632,World Championship 30th,Meran ITA,1981.11.09,14,"Karpov, Anatoly","Korchnoi, Viktor L",1-0,C80,1981.10.??
633,World Championship 30th,Meran ITA,1981.11.12,15,"Korchnoi, Viktor L","Karpov, Anatoly",1/2-1/2,A29,1981.10.??
634,World Championship 30th,Meran ITA,1981.11.14,16,"Karpov, Anatoly","Korchnoi, Viktor L",1/2-1/2,C80,1981.10.??
635,World Championship 30th,Meran ITA,1981.11.16,17,"Korchnoi, Viktor L","Karpov, Anatoly",1/2-1/2,D53,1981.10.??
636,World Championship 30th,Meran ITA,1981.11.18,18,"Karpov, Anatoly","Korchnoi, Viktor L",1-0,C80,1981.10.??
637,World Championship 31th,Moscow RUS,1984.09.10,1,"Karpov, Anatoly","Kasparov, Gary",1/2-1/2,B81,1984.09.10
638,World Championship 31th,Moscow RUS,1984.09.12,2,"Kasparov, Gary","Karpov, Anatoly",1/2-1/2,E17,1984.09.10
639,World Championship 31th,Moscow RUS,1984.09.17,3,"Karpov, Anatoly","Kasparov, Gary",1-0,B44,1984.09.10
640,World Championship 31th,Moscow RUS,1984.09.21,4,"Kasparov, Gary","Karpov, Anatoly",1/2-1/2,E15,1984.09.10
641,World Championship 31th,Moscow RUS,1984.09.24,5,"Karpov, Anatoly","Kasparov, Gary",1/2-1/2,B85,1984.09.10
642,World Championship 31th,Moscow RUS,1984.09.26,6,"Kasparov, Gary","Karpov, Anatoly",0-1,E15,1984.09.10
643,World Championship 31th,Moscow RUS,1984.09.28,7,"Karpov, Anatoly","Kasparov, Gary",1-0,D34,1984.09.10
644,World Championship 31th,Moscow RUS,1984.10.03,8,"Kasparov, Gary","Karpov, Anatoly",1/2-1/2,E05,1984.09.10
645,World Championship 31th,Moscow RUS,1984.10.05,9,"Karpov, Anatoly","Kasparov, Gary",1-0,D34,1984.09.10
646,World Championship 31th,Moscow RUS,1984.10.08,10,"Kasparov, Gary","Karpov, Anatoly",1/2-1/2,E12,1984.09.10
647,World Championship 31th,Moscow RUS,1984.10.10,11,"Karpov, Anatoly","Kasparov, Gary",1/2-1/2,A30,1984.09.10
648,World Championship 31th,Moscow RUS,1984.10.12,12,"Kasparov, Gary","Karpov, Anatoly",1/2-1/2,D58,1984.09.10
649,World Championship 31th,Moscow RUS,1984.10.15,13,"Karpov, Anatoly","Kasparov, Gary",1/2-1/2,A30,1984.09.10
650,World Championship 31th,Moscow RUS,1984.10.17,14,"Kasparov, Gary","Karpov, Anatoly",1/2-1/2,E15,1984.09.10
651,World Championship 31th,Moscow RUS,1984.10.19,15,"Karpov, Anatoly","Kasparov, Gary",1/2-1/2,E15,1984.09.10
652,World Championship 31th,Moscow RUS,1984.10.22,16,"Kasparov, Gary","Karpov, Anatoly",1/2-1/2,E15,1984.09.10
653,World Championship 31th,Moscow RUS,1984.10.24,17,"Karpov, Anatoly","Kasparov, Gary",1/2-1/2,D58,1984.09.10
654,World Championship 31th,Moscow RUS,1984.10.26,18,"Kasparov, Gary","Karpov, Anatoly",1/2-1/2,E15,1984.09.10
655,World Championship 31th,Moscow RUS,1984.10.29,19,"Karpov, Anatoly","Kasparov, Gary",1/2-1/2,D55,1984.09.10
656,World Championship 31th,Moscow RUS,1984.10.31,20,"Kasparov, Gary","Karpov, Anatoly",1/2-1/2,A30,1984.09.10
657,World Championship 31th,Moscow RUS,1984.11.02,21,"Karpov, Anatoly","Kasparov, Gary",1/2-1/2,D53,1984.09.10
658,World Championship 31th,Moscow RUS,1984.11.05,22,"Kasparov, Gary","Karpov, Anatoly",1/2-1/2,E05,1984.09.10
659,World Championship 31th,Moscow RUS,1984.11.12,23,"Karpov, Anatoly","Kasparov, Gary",1/2-1/2,D53,1984.09.10
660,World Championship 31th,Moscow RUS,1984.11.16,24,"Kasparov, Gary","Karpov, Anatoly",1/2-1/2,A33,1984.09.10
661,World Championship 31th,Moscow RUS,1984.11.19,25,"Karpov, Anatoly","Kasparov, Gary",1/2-1/2,D58,1984.09.10
662,World Championship 31th,Moscow RUS,1984.11.21,26,"Kasparov, Gary","Karpov, Anatoly",1/2-1/2,A33,1984.09.10
663,World Championship 31th,Moscow RUS,1984.11.23,27,"Karpov, Anatoly","Kasparov, Gary",1-0,D55,1984.09.10
664,World Championship 31th,Moscow RUS,1984.11.28,28,"Kasparov, Gary","Karpov, Anatoly",1/2-1/2,C42,1984.09.10
665,World Championship 31th,Moscow RUS,1984.12.03,29,"Karpov, Anatoly","Kasparov, Gary",1/2-1/2,D47,1984.09.10
666,World Championship 31th,Moscow RUS,1984.12.05,30,"Kasparov, Gary","Karpov, Anatoly",1/2-1/2,C42,1984.09.10
667,World Championship 31th,Moscow RUS,1984.12.07,31,"Karpov, Anatoly","Kasparov, Gary",1/2-1/2,D58,1984.09.10
668,World Championship 31th,Moscow RUS,1984.12.12,32,"Kasparov, Gary","Karpov, Anatoly",1-0,E12,1984.09.10
669,World Championship 31th,Moscow RUS,1984.12.17,33,"Karpov, Anatoly","Kasparov, Gary",1/2-1/2,D45,1984.09.10
670,World Championship 31th,Moscow RUS,1984.12.19,34,"Kasparov, Gary","Karpov, Anatoly",1/2-1/2,D58,1984.09.10
671,World Championship 31th,Moscow RUS,1984.12.26,35,"Karpov, Anatoly","Kasparov, Gary",1/2-1/2,B64,1984.09.10
672,World Championship 31th,Moscow RUS,1984.12.28,36,"Kasparov, Gary","Karpov, Anatoly",1/2-1/2,D58,1984.09.10
673,World Championship 31th,Moscow RUS,1985.01.02,37,"Karpov, Anatoly","Kasparov, Gary",1/2-1/2,B63,1984.09.10
674,World Championship 31th,Moscow RUS,1985.01.04,38,"Kasparov, Gary","Karpov, Anatoly",1/2-1/2,D58,1984.09.10
675,World Championship 31th,Moscow RUS,1985.01.07,39,"Karpov, Anatoly","Kasparov, Gary",1/2-1/2,D58,1984.09.10
676,World Championship 31th,Moscow RUS,1985.01.09,40,"Kasparov, Gary","Karpov, Anatoly",1/2-1/2,D58,1984.09.10
677,World Championship 31th,Moscow RUS,1985.01.14,41,"Karpov, Anatoly","Kasparov, Gary",1/2-1/2,C42,1984.09.10
678,World Championship 31th,Moscow RUS,1985.01.16,42,"Kasparov, Gary","Karpov, Anatoly",1/2-1/2,D58,1984.09.10
679,World Championship 31th,Moscow RUS,1985.01.18,43,"Karpov, Anatoly","Kasparov, Gary",1/2-1/2,B84,1984.09.10
680,World Championship 31th,Moscow RUS,1985.01.21,44,"Kasparov, Gary","Karpov, Anatoly",1/2-1/2,C92,1984.09.10
681,World Championship 31th,Moscow RUS,1985.01.23,45,"Karpov, Anatoly","Kasparov, Gary",1/2-1/2,B85,1984.09.10
682,World Championship 31th,Moscow RUS,1985.01.28,46,"Kasparov, Gary","Karpov, Anatoly",1/2-1/2,C92,1984.09.10
683,World Championship 31th,Moscow RUS,1985.01.30,47,"Karpov, Anatoly","Kasparov, Gary",0-1,D52,1984.09.10
684,World Championship 31th,Moscow RUS,1985.02.08,48,"Kasparov, Gary","Karpov, Anatoly",1-0,C42,1984.09.10
